Abbriviations,Name of IL,Liquid Liquid Equilibrium System, Distribution Coefﬁcients , Selectivities,Molecular Mass,Density,Viscosity,Melting Point (C),Melting Point,Refractive index,Conductivity
 sulfolane , sulfolane ,Toluene/n-Heptane ,0.31,30.9,120.17,1.26,0.01034,27.5,300.5,1.481,1.32
 [mmim][Tf2N] ,"1,3-Dimethylimidazolium  bis(trifluoromethylsulfonyl)imide ",Toluene/n-Heptane ,0.5,29.8,377.28,1.57,0.0035,22,295,1.429,0.411
 [emim]BF4 ,1-Ethyl-3-methylimidazolium tetrafluoroborate,Toluene/n-Heptane ,0.3,34.1,197.97,1.294,0.0338,15,288,1.413,1.41
 [emim]CH3SO3 ,1-ethyl-3-methylimidazolium methylsulfonate ,Toluene/n-Heptane ,0.44,25.4,206.27,1.24,0.135,33,306,1.497,0.369
 [emim]C2H5SO4 ,1-ethyl-3-methylimidazolium ethylsulfonate ,Toluene/n-Heptane ,0.22,50.5,236.29,1.24,0.0942,25,298,1.481,0.556
 [emim]CH3C6H4SO3 ,1-ethyl-3-methylimidazolium tosylate,Toluene/n-Heptane ,0.36,28,282.36,1.231,0.0542,30,303,1.548,0.019
 [emim][Tf2N] ,1-ethyl-3-methylimidazolium bis(triﬂuoromethylsulfonyl)imide,Toluene/n-Heptane ,0.83,27.7,391.31,1.52,0.0042,-15,258,1.424,
 [emim]I3 ,1-ethyl-3-methylimidazolium iodide,Toluene/n-Heptane ,0.84,48.6,238.07,1.47,0.047,79,352,1.56,0.296
[emim]N(CN)2 ,1-ethyl-3-methylimidazolium dicyanamide ,Toluene/n-Heptane ,0.24,43.4,177.21,1.11,0.01454,268,541,1.5112,1.77
[emim]SCN ,1-ethyl-3-methylimidazolium thiocyanate ,Toluene/n-Heptane ,0.27,147.3,169.25,1.304,0.0247,-6,267,1.484,1.78
 [emmim][Tf2N] ,"1-ethyl-2,3-dimethylimidazolium bis(triﬂuoromethylsulfonyl)imide",Toluene/n-Heptane ,0.61,22.7,405.3,1.49,0.0685,25,298,1.43,0.318
[bmim]BF4 ,1-butyl-3-methylimidazolium tetraﬂuoroborate ,Toluene/n-Heptane ,0.34,46.1,226.02,1.21,0.28,-8,265,1.52,0.315
 [bmim]PF6 ,1-butyl-3-methylimidazolium hexafluorophosphate,Toluene/n-Heptane ,0.34,21.3,284.18,1.38,0.267,-8,265,1.411,0.192
 [bmim]CH3SO4 ,1-butyl-3-methylimidazolium methylsulfonate ,Toluene/n-Heptane ,0.33,31.2,250.32,1.213,0.213,77.5,350.5,1.563,0.002
 [bmim]CF3SO3 ,1-Butyl-3-methylimidazolium trifluoromethanesulfonate,Toluene/n-Heptane ,0.43,20.2,288.29,1.3,0.08,16,289,1.434,0.305
[bmim]N(CN)2 ,1-butyl-3-methylimidazolium dicyanamide,Toluene/n-Heptane ,0.63,59,205.26,1.06,0.0334,-6,267,1.508,0.954
[bmim]C(CN)3 ,1-butyl-3-methylimidazolium tricyanomethane,Toluene/n-Heptane ,0.85,49.3,229.28,1.05,0.0257,,273,1.51,0.883
[bmim]SCN ,1-butyl-3-methylimidazolium thiocyanate ,Toluene/n-Heptane ,0.5,65.8,197.3,1.07,0.0359,,273,1.538,0.898
 [bmim]Cl-1.0AlCl3,1-butyl-3-methylimidazolium chloride-aluminum chloride,Toluene/n-Heptane ,1.57,35.7,174.67,1.12,0.013,70,343,1.488,0.788
 [C10H17O2mim]Br,(n-methacryloyloxyhexyl-N-methylimidazolium bromide,Toluene/n-Heptane ,0.3,43.1,219.12,1.03,0.036,45,318,1.501,0.699
[N-epy][Tf2N] ,1-ethylpyridinium bis(trifluoromethylsulfonyl)imide,Toluene/n-Heptane ,0.52,24.7,388.3,,,,273,,
 [1-bupy]BF4 ,1-butylpyridinium tetrafluoroborate,Toluene/n-Heptane ,0.43,74.4,223.02,1.23,0.203,19,292,1.45,0.194
 [4-mebupy]BF4,4-methyl-N-butylpyridinium tetraﬂuoroborate ,Toluene/n-Heptane ,0.43,50,237.05,1.2,,30,303,1.4,
 [4-mebupy]N(CN)2 ,4-methyl-N-butylpyridinium dicyanamide,Toluene/n-Heptane ,0.63,35.1,216.28,,,51,324,,
 [mebupyrr]CF3SO3 ,1-Butyl-1-methylpyrrolidinium trifluoromethanesulfonate,Toluene/n-Heptane ,0.45,26.7,291.33,1.26,0.148,3,276,1.434,0.185
[mebupyrr]N(CN)2 ,1-butyl-1-methylpyrrolidinium dicyanamide,Toluene/n-Heptane ,0.55,42,208.3,1.02,0.0352,20,293,1.496,0.108
 [mebupyrr]SCN ,1-butyl-1-methylpyrrolidinium thiocyanate ,Toluene/n-Heptane ,0.53,47.7,200.344,1.0244,0.109,,273,,
 [pmpip][Tf2N],1-Methyl-1-propyl-piperidinium-bis-(trifluoromethylsulphonyl)- imide,Toluene/n-Heptane ,0.79,20.2,422.41,1.41,,,273,1.4255,
[S222][Tf2N] ,triethylsulfonium bis(triﬂuoromethylsulfonyl)imide,Toluene/n-Heptane ,0.63,21.2,399.39,1.47,,-35.5,237.5,1.43,
sulfolane,sulfolane,Benzene/n-Hexane ,0.58,28.5,120.17,1.26,0.01034,27.5,300.5,1.481,
[mmim][Tf2N],"1,3-Dimethylimidazolium  bis(trifluoromethylsulfonyl)imide ",Benzene/n-Hexane ,0.74,27.3,377.28,1.57,0.0035,22,295,1.429,0.411
[emim]BF4,1-Ethyl-3-methylimidazolium tetrafluoroborate,Benzene/n-Hexane ,0.47,45.2,197.97,1.294,0.0338,15,288,1.413,1.41
[emim]C2H5SO4,1-ethyl-3-methylimidazolium ethylsulfonate ,Benzene/n-Hexane ,0.59,66.4,236.29,1.24,0.0942,25,298,1.481,0.556
[emim]CF3SO3,1-Ethyl-3-methylimidazolium trifluoromethanesulfonate,Benzene/n-Hexane ,0.45,30.2,260.23,1.387,0.05,-13,260,1.435,0.984
[emim][Tf2N] ,1-ethyl-3-methylimidazolium bis(triﬂuoromethylsulfonyl)imide,Benzene/n-Hexane ,1.2,27.8,391.31,1.52,0.0042,-15,258,1.424,
 [emim]N(CN)2,1-Ethyl-3-methyl-imidazolium-dicyanamide,Benzene/n-Hexane ,0.57,30.1,177.21,1.101,0.0146,-6,267,1.413,0.177
[emmim][Tf2N],"1-ethyl-2,3-dimethylimidazolium bis(triﬂuoromethylsulfonyl)imide",Benzene/n-Hexane ,0.91,23,405.3,1.49,0.0685,25,298,1.43,0.318
[bmim]BF4,1-butyl-3-methylimidazolium tetraﬂuoroborate ,Benzene/n-Hexane ,0.57,32.7,226.02,1.21,0.28,-8,265,1.52,0.315
[bmim]PF6,1-butyl-3-methylimidazolium hexafluorophosphate,Benzene/n-Hexane ,0.55,34.8,284.18,1.38,0.267,-8,265,1.411,0.192
[bmim]CH3SO4,1-butyl-3-methylimidazolium methylsulfonate ,Benzene/n-Hexane ,0.81,46.4,250.32,1.213,0.213,77.5,350.5,1.563,0.002
[bmim][MDEGSO4],"1-ethyl-2,3-dimethylimidazolium bis(trifluoromethylsulfonyl)imide",Benzene/n-Hexane ,0.49,35,338.42,1.192,0.273,25,298,1.481,0.204
[bmim]N(CN)2,1-butyl-3-methylimidazolium dicyanamide,Benzene/n-Hexane ,0.75,30.5,205.26,1.06,0.0334,-6,267,1.508,0.954
[bmim]C(CN)3,1-butyl-3-methylimidazolium tricyanomethane,Benzene/n-Hexane ,1.54,32.3,229.28,1.05,0.0257,,273,1.51,0.883
[bmim]SCN,1-butyl-3-methylimidazolium thiocyanate ,Benzene/n-Hexane ,0.7,55.4,197.3,1.07,0.0359,,273,1.538,0.898
[hmim]BF4,1-Hexyl-3-methyl-imidazolium-tetrafluoroborate,Benzene/n-Hexane ,0.61,21.3,254.08,1.149,0.288,-82,191,1.43,0.118
[hmim]SCN,1-Hexyl-3-methylimidazolium thiocyanate,Benzene/n-Hexane ,0.74,20.9,225.36,1.056,0.0017,16,289,1.55,
[4-mebupy]BF4,4-methyl-N-butylpyridinium tetraﬂuoroborate ,Benzene/n-Hexane ,0.95,55.9,237.05,1.2,,30,303,1.4,
[4-mebupy]N(CN)2,4-methyl-N-butylpyridinium dicyanamide,Benzene/n-Hexane ,0.83,34.3,,,,51,324,,
[mebupyrr]CF3SO3,1-Butyl-1-methylpyrrolidinium trifluoromethanesulfonate,Benzene/n-Hexane ,0.68,31.8,291.33,1.26,0.148,3,276,1.434,0.185
[mebupyrr][Tf2N],1-Butyl-1-methylpyrrolidinium bis(trifluoromethylsulfonyl)imide,Benzene/n-Hexane ,1.73,20.7,422.41,1.4,0.0584,-18,255,1.425,1.714
[pmpip][Tf2N],1-Methyl-1-propyl-piperidinium-bis-(trifluoromethylsulphonyl)- imide,Benzene/n-Hexane ,1.07,20.5,422.41,1.41,,,273,1.4255,
[S222][Tf2N],triethylsulfoniumbis(trifluoromethylsulfonyl)imide,Benzene/n-Hexane ,1.23,32.2,399.39,1.47,,-35.5,237.5,1.43,
sulfolane,sulfolane,p-Xyelene/n-Octane,0.27,24.9,120.17,1.26,0.01034,27.5,300.5,1.481,1.32
 [emim][Tf2N] ,1-ethyl-3-methylimidazolium bis(triﬂuoromethylsulfonyl)imide,p-Xyelene/n-Octane,0.48,32.3,391.31,1.52,0.0042,-15,258,1.424,
 [bmim]PF6 ,1-butyl-3-methylimidazolium hexafluorophosphate,p-Xyelene/n-Octane,0.22,22.8,284.18,1.38,0.267,-8,265,1.411,0.192
[bmim]C(CN)3 ,1-butyl-3-methylimidazolium tricyanomethane,p-Xyelene/n-Octane,0.6,23.1,229.28,1.05,0.0257,,273,1.51,0.883
[N-epy][Tf2N] ,1-ethylpyridinium bis(trifluoromethylsulfonyl)imide,p-Xyelene/n-Octane,0.38,27.7,388.3,,,,273,,
 [4-mebupy]BF4,4-methyl-N-butylpyridinium tetraﬂuoroborate ,p-Xyelene/n-Octane,0.36,42.7,237.05,1.2,,30,303,1.4,
[mebupyrr]CF3SO3,1-Butyl-1-methylpyrrolidinium trifluoromethanesulfonate,p-Xyelene/n-Octane,0.3,23.7,291.33,1.26,0.148,3,276,1.434,0.185
[pmpip][Tf2N],1-Methyl-1-propyl-piperidinium-bis-(trifluoromethylsulphonyl)- imide,p-Xyelene/n-Octane,0.58,20.2,422.41,1.41,,,273,1.4255,
[S222][Tf2N],triethylsulfoniumbis(trifluoromethylsulfonyl)imide,p-Xyelene/n-Octane,0.43,20.8,399.39,1.47,,-35.5,237.5,1.43,
