b (mm),h (mm),Ast top  d (mm)       ρ1 (%)         As2 (mm2)  d2 (mm)     ρ2 (%),top bar dia,% steel at top,Ast bottom,bottom bar dia,% steel at bottom,RH,T (C), Concrete Strength test at t day,Concrete Strength after t days in Mpa,L (mm),L/d,Mll (Nm),Kll,Mdl(Nm) ,Kdl,Age at loading (t0 days) ,Reading day,Total age (t days),"Long term deflection in
(mm) after t days          "
203.2,304.8,852,257.2,1.63,852,47.6,1.63,50,21,14,25,6096,23.7,7192,0.104,18442,0.104,14,0,14,13.46
203.2,304.8,852,257.2,1.63,852,47.6,1.63,50,21,14,25,6096,23.7,7192,0.104,18442,0.104,14,913,927,23.62
203.2,304.8,852,257.2,1.63,400,46.1,0.77,50,21,14,25,6096,23.7,7192,0.104,18442,0.104,14,0,14,15.75
203.2,304.8,852,257.2,1.63,400,46.1,0.77,50,21,14,25,6096,23.7,7192,0.104,18442,0.104,14,913,927,32.26
203.2,304.8,852,257.2,1.63,0,0,0,50,21,14,25,6096,23.7,7192,0.104,18442,0.104,14,0,14,17.02
203.2,304.8,852,257.2,1.63,0,0,0,50,21,14,25,6096,23.7,7192,0.104,18442,0.104,14,913,927,44.7
152.4,203.2,400,157.2,1.67,400,46,1.67,50,21,14,20.8,6096,38.8,3596,0.104,3663,0.104,14,0,14,23.37
152.4,203.2,400,157.2,1.67,400,46,1.67,50,21,14,20.8,6096,38.8,3596,0.104,3663,0.104,14,913,927,51.05
152.4,203.2,400,157.2,1.67,200,46,0.84,50,21,14,20.8,6096,38.8,3596,0.104,3663,0.104,14,0,14,24.89
152.4,203.2,400,157.2,1.67,200,46,0.84,50,21,14,20.8,6096,38.8,3596,0.104,3663,0.104,14,913,927,65.02
152.4,203.2,400,157.2,1.67,0,0,0,50,21,14,20.8,6096,38.8,3596,0.104,3663,0.104,14,0,14,26.42
152.4,203.2,400,157.2,1.67,0,0,0,50,21,14,20.8,6096,38.8,3596,0.104,3663,0.104,14,913,927,86.36
304.8,127,516,101.6,1.67,516,25.4,1.67,50,21,14,22.1,3810,37.5,1756,0.104,4267,0.104,14,0,14,11.94
304.8,127,516,101.6,1.67,516,25.4,1.67,50,21,14,22.1,3810,37.5,1756,0.104,4267,0.104,14,913,927,27.69
304.8,127,516,101.6,1.67,258,25.4,0.83,50,21,14,22.1,3810,37.5,1756,0.104,4267,0.104,14,0,14,14.22
304.8,127,516,101.6,1.67,258,25.4,0.83,50,21,14,22.1,3810,37.5,1756,0.104,4267,0.104,14,913,927,33.78
304.8,127,516,101.6,1.67,0,0,0,50,21,14,22.1,3810,37.5,1756,0.104,4267,0.104,14,0,14,17.78
304.8,127,516,101.6,1.67,0,0,0,50,21,14,22.1,3810,37.5,1756,0.104,4267,0.104,14,913,927,48.51
152,305,849,254,2.2,0,0,0,50,21,28,26.9,3048,12,1346,0.104,22267,0.107,28,0,28,4.25
152,305,849,254,2.2,0,0,0,50,21,28,26.9,3048,12,1346,0.104,22267,0.107,28,242,270,10
152,305,1019,254,2.64,0,0,0,50,21,28,37.4,3048,12,1346,0.104,29641,0.107,28,0,28,4.9
152,305,1019,254,2.64,0,0,0,50,21,28,37.4,3048,12,1346,0.104,29641,0.107,28,242,270,9.9
100,160,100,134,0.75,0,0,0,55,21,32,26.7,4000,29.9,800,0.104,1962,0.104,32,0,32,15.83
100,160,100,134,0.75,0,0,0,55,21,32,26.7,4000,29.9,800,0.104,1962,0.104,32,84,116,32.21
127,190.5,142,160.3,0.7,0,0,0,82,21,35,37,6400,39.9,3097,0.104,1612,0.104,53,0,53,20.6
127,190.5,142,160.3,0.7,0,0,0,82,21,35,37,6400,39.9,3097,0.104,1612,0.104,53,1734,1787,65.4
127,190.5,142,160.3,0.7,0,0,0,82,21,35,37,4800,29.9,1742,0.104,2967,0.104,53,0,53,8.8
127,190.5,142,160.3,0.7,0,0,0,82,21,35,37,4800,29.9,1742,0.104,2967,0.104,53,1734,1787,29.7
127,190.5,142,160.3,0.7,0,0,0,82,21,35,37,3200,20,774,0.104,3935,0.104,53,0,53,4.3
127,190.5,142,160.3,0.7,0,0,0,82,21,35,37,3200,20,774,0.104,3935,0.104,53,1734,1787,14
101.6,127,214,101.6,2.07,0,0,0,50,21,28,35.4,2743,27,303,0.104,935,0.104,28,0,28,3.89
101.6,127,214,101.6,2.07,0,0,0,50,21,28,35.4,2743,27,303,0.104,935,0.104,28,60,88,7.7
101.6,127,214,101.6,2.07,0,0,0,50,21,28,31.3,2743,27,303,0.104,935,0.104,28,0,28,3.99
101.6,127,214,101.6,2.07,0,0,0,50,21,28,31.3,2743,27,303,0.104,935,0.104,28,60,88,7.5
177.8,216,400,165.1,1.36,0,0,0,50,21,28,33.8,2286,13.8,627,0.104,7176,0.107,28,0,28,2.44
177.8,216,400,165.1,1.36,0,0,0,50,21,28,33.8,2286,13.8,627,0.104,7176,0.107,28,150,178,4.89
177.8,216,568,165.1,1.94,0,0,0,50,21,28,33.6,2286,13.8,627,0.104,11228,0.107,28,0,28,3.22
177.8,216,568,165.1,1.94,0,0,0,50,21,28,33.6,2286,13.8,627,0.104,11228,0.107,28,150,178,6.16
177.8,216,568,165.1,1.94,0,0,0,50,21,28,38.9,2286,13.8,627,0.104,9643,0.107,28,0,28,3.71
177.8,216,568,165.1,1.94,0,0,0,50,21,28,38.9,2286,13.8,627,0.104,9643,0.107,28,120,148,6.64
177.8,216,774,165.1,2.64,0,0,0,50,21,28,38.7,2286,13.8,627,0.104,14607,0.107,28,0,28,4.66
177.8,216,774,165.1,2.64,0,0,0,50,21,28,38.7,2286,13.8,627,0.104,14607,0.107,28,120,148,7.89
101.6,203.2,258,171.5,1.48,0,0,0,40,21,28,34.1,1829,10.7,216,0.104,7963,0.107,28,0,28,4.1
101.6,203.2,258,171.5,1.48,0,0,0,40,21,28,34.1,1829,10.7,216,0.104,7963,0.107,28,142,170,8.8
101.6,203.2,258,171.5,1.48,258,25.4,1.48,40,21,28,34.1,1829,10.7,216,0.104,7963,0.107,28,0,28,4.2
101.6,203.2,258,171.5,1.48,258,25.4,1.48,40,21,28,34.1,1829,10.7,216,0.104,7963,0.107,28,142,170,6.8
600,120,314,95,0.55,57,20,0.1,60,21,15,20.49,3100,32.6,2162,0.104,2787,0.104,15,0,15,8.42
600,120,314,95,0.55,57,20,0.1,60,21,15,20.49,3100,32.6,2162,0.104,2787,0.104,15,365,380,18.4
600,120,314,95,0.55,57,20,0.1,60,21,15,24.14,3100,32.6,2162,0.104,2787,0.104,15,0,15,6.16
600,120,314,95,0.55,57,20,0.1,60,21,15,24.14,3100,32.6,2162,0.104,2787,0.104,15,365,380,17.5
600,120,314,95,0.55,57,20,0.1,60,21,15,19.64,3100,32.6,2162,0.104,2787,0.104,15,0,15,8.12
600,120,314,95,0.55,57,20,0.1,60,21,15,19.64,3100,32.6,2162,0.104,2787,0.104,15,365,380,17.5
600,120,314,95,0.55,57,20,0.1,60,21,15,36.13,3100,32.6,2162,0.104,2787,0.104,15,0,15,2.24
600,120,314,95,0.55,57,20,0.1,60,21,15,36.13,3100,32.6,2162,0.104,2787,0.104,15,365,380,8.05
600,120,314,95,0.55,57,20,0.1,60,21,15,32.47,3100,32.6,2162,0.104,2787,0.104,15,0,15,3.12
600,120,314,95,0.55,57,20,0.1,60,21,15,32.47,3100,32.6,2162,0.104,2787,0.104,15,365,380,9.55
750,160,565,131,0.58,57,26,0.06,60,21,28,29.4,3100,23.7,3604,0.104,6095,0.107,28,0,28,2.17
750,160,565,131,0.58,57,26,0.06,60,21,28,29.4,3100,23.7,3604,0.104,6095,0.107,28,510,538,8.29
750,160,565,131,0.58,57,26,0.06,60,21,28,32.89,3100,23.7,3604,0.104,6095,0.107,28,0,28,2
750,160,565,131,0.58,57,26,0.06,60,21,28,32.89,3100,23.7,3604,0.104,6095,0.107,28,365,393,7
750,160,565,131,0.58,57,26,0.06,60,21,28,30.93,3100,23.7,3604,0.104,9305,0.107,28,0,28,5.29
750,160,565,131,0.58,57,26,0.06,60,21,28,30.93,3100,23.7,3604,0.104,9305,0.107,28,510,538,13.28
750,160,565,131,0.58,57,26,0.06,60,21,28,29.4,3100,23.7,3604,0.104,12520,0.107,28,0,28,8.48
750,160,565,131,0.58,57,26,0.06,60,21,28,29.4,3100,23.7,3604,0.104,12520,0.107,28,510,538,18.15
750,160,565,131,0.58,57,26,0.06,60,21,28,31.97,3100,23.7,3604,0.104,12520,0.107,28,0,28,8
750,160,565,131,0.58,57,26,0.06,60,21,28,31.97,3100,23.7,3604,0.104,12520,0.107,28,510,538,17.52
750,160,565,131,0.58,57,26,0.06,60,21,28,29.29,3100,23.7,3604,0.104,15725,0.107,28,0,28,11.02
750,160,565,131,0.58,57,26,0.06,60,21,28,29.29,3100,23.7,3604,0.104,15725,0.107,28,510,538,20.83
150,280,308,250,0.82,0,0,0,60,21,28,33.5,2800,11.2,1029,0.104,21500,0.107,28,0,28,6.02
150,280,308,250,0.82,0,0,0,60,21,28,33.5,2800,11.2,1029,0.104,21500,0.107,28,1610,1638,10.29
100,150,226,130,1.74,0,0,0,60,21,28,39,3750,28.8,659,0.104,3250,0.107,28,0,28,8.94
100,150,226,130,1.74,0,0,0,60,21,28,39,3750,28.8,659,0.104,3250,0.107,28,500,528,25.02
100,154,157.1,132,1.19,0,0,0,40,21,28,25.9,2100,15.9,212,0.104,3500,0.107,28,0,28,4.89
100,154,157.1,132,1.19,0,0,0,40,21,28,25.9,2100,15.9,212,0.104,3500,0.107,28,180,208,11.83
100,152,157.1,130,1.21,0,0,0,40,21,28,25.9,2100,16.2,209,0.104,3500,0.107,28,0,28,5.09
100,152,157.1,130,1.21,0,0,0,40,21,28,25.9,2100,16.2,209,0.104,3500,0.107,28,180,208,11.92
100,152,157.1,130,1.21,157.1,20,1.21,40,21,28,25.9,2100,16.2,209,0.104,3500,0.107,28,0,28,4.78
100,152,157.1,130,1.21,157.1,20,1.21,40,21,28,25.9,2100,16.2,209,0.104,3500,0.107,28,180,208,8.77
100,154,157.1,132,1.19,157.1,20,1.19,40,21,28,25.9,2100,15.9,212,0.104,3500,0.107,28,0,28,4.3
100,154,157.1,132,1.19,157.1,20,1.19,40,21,28,25.9,2100,15.9,212,0.104,3500,0.107,28,180,208,8.55
250,340,402,300,0.54,0,0,0,40,21,28,24.8,3500,11.7,3254,0.104,21646,0.107,14,0,14,4.95
250,340,402,300,0.54,0,0,0,40,22,28,24.8,3500,11.7,3254,0.104,21646,0.107,14,380,394,12.06
250,340,402,300,0.54,0,0,0,40,21,28,24.8,3500,11.7,3254,0.104,13746,0.107,14,0,14,1.98
250,340,402,300,0.54,0,0,0,40,22,28,24.8,3500,11.7,3254,0.104,13746,0.107,14,380,394,7.44
250,325,402,300,0.54,0,0,0,40,21,28,24.8,3500,11.7,3110,0.104,21690,0.107,14,0,14,5.03
250,325,402,300,0.54,0,0,0,40,22,28,24.8,3500,11.7,3110,0.104,21690,0.107,14,380,394,12.42
250,325,402,300,0.54,0,0,0,40,21,28,24.8,3500,11.7,3110,0.104,13690,0.107,14,0,14,2.06
250,325,402,300,0.54,0,0,0,40,22,28,24.8,3500,11.7,3110,0.104,13690,0.107,14,380,394,7.87
250,325,603,300,0.8,0,0,0,40,21,28,24.8,3500,11.7,3110,0.104,31490,0.107,14,0,14,5.81
250,325,603,300,0.8,0,0,0,40,22,28,24.8,3500,11.7,3110,0.104,31490,0.107,14,380,394,13.3
250,325,603,300,0.8,0,0,0,40,21,28,24.8,3500,11.7,3110,0.104,17690,0.107,14,0,14,1.97
250,325,603,300,0.8,0,0,0,40,22,28,24.8,3500,11.7,3110,0.104,17690,0.107,14,380,394,7.9
400,155,226,130,0.44,0,0,0,40,21,28,24.8,3500,26.9,2373,0.104,4437,0.104,14,0,14,7.14
400,155,226,130,0.44,0,0,0,40,22,28,24.8,3500,26.9,2373,0.104,4437,0.104,14,380,394,25.1
400,155,226,130,0.44,0,0,0,40,21,28,24.8,3500,26.9,2373,0.104,2907,0.104,14,0,14,2.72
400,155,226,130,0.44,0,0,0,40,22,28,24.8,3500,26.9,2373,0.104,2907,0.104,14,380,394,19.9
400,155,339,130,0.65,0,0,0,40,21,28,24.8,3500,26.9,2373,0.104,7497,0.104,14,0,14,11.8
400,155,339,130,0.65,0,0,0,40,22,28,24.8,3500,26.9,2373,0.104,7497,0.104,14,380,394,32.5
400,155,339,130,0.65,0,0,0,40,21,28,24.8,3500,26.9,2373,0.104,4437,0.104,14,0,14,4.43
400,155,339,130,0.65,0,0,0,40,22,28,24.8,3500,26.9,2373,0.104,4437,0.104,14,380,394,21.9
400,155,452,130,0.87,0,0,0,40,21,28,24.8,3500,26.9,2373,0.104,8977,0.104,14,0,14,10.7
400,155,452,130,0.87,0,0,0,40,22,28,24.8,3500,26.9,2373,0.104,8977,0.104,14,380,394,29.8
400,155,452,130,0.87,0,0,0,40,21,28,24.8,3500,26.9,2373,0.104,5967,0.104,14,0,14,5.04
400,155,452,130,0.87,0,0,0,40,22,28,24.8,3500,26.9,2373,0.104,5967,0.104,14,380,394,22.9
