,Quality Axis 1,Quality Axis 2,Factor Plane Quality
0,2.8517915067228095e-05,2.5354429379736957e-05,5.387234444696505e-05
1,0.0013541409075088964,0.0002692055432845508,0.0016233464507934472
2,0.0011317268569876072,0.0004198482509691101,0.0015515751079567173
3,0.00040902497490607765,5.529746003936873e-05,0.0004643224349454464
4,0.0017998025409251637,8.802427513217997e-07,0.0018006827836764855
5,0.0024561534148043844,0.0005534384675699738,0.0030095918823743583
6,1.4480100237549901e-05,0.000931385173426386,0.0009458652736639359
7,0.0020959491821568284,3.170120639003014e-05,0.0021276503885468583
8,0.0010951347597061957,0.00024893049553833174,0.0013440652552445275
9,0.0003414051175412095,3.8738898785220796e-05,0.0003801440163264303
10,0.0008948984533562121,8.698746216146415e-05,0.0009818859155176763
11,0.002391865812641069,0.0001430160948256373,0.002534881907466706
12,0.0019603258389982777,0.004495997867927531,0.006456323706925809
13,0.00028233731706387723,0.002119971829064757,0.0024023091461286344
14,2.39432340174837e-05,0.008988139127171581,0.009012082361189066
15,2.2585014985035593e-05,0.00016730242720230373,0.00018988744218733934
16,4.177322908637778e-05,1.266152050117278e-05,5.443474958755056e-05
17,0.0007126126730432027,0.0001697271035453151,0.0008823397765885178
18,0.00016194306710725452,0.0018318021683665395,0.001993745235473794
19,0.0011587442176145188,0.002706777714832538,0.0038655219324470564
20,0.001865516439648222,0.002460092614252121,0.004325609053900343
21,0.00016438681342682894,0.00283598110595708,0.0030003679193839087
22,0.0024031218388025394,0.0005199260374055442,0.0029230478762080838
23,1.0945525626729284e-06,0.0025067227357767046,0.0025078172883393774
24,0.0011661097550091475,0.0012223679062293305,0.002388477661238478
25,0.0017060142773994214,0.0011041398705167712,0.002810154147916193
26,0.0018945124267483262,2.8933646739874846e-05,0.001923446073488201
27,2.0250757042411755e-05,0.00029000213225564635,0.0003102528892980581
28,6.201412320202842e-05,0.0005961072317730269,0.0006581213549750553
29,0.000148666031969885,0.0019160291352183787,0.0020646951671882637
30,0.0007062362690763244,3.6390812946863915e-05,0.0007426270820231883
31,0.0027068555391626193,0.00012446071916537467,0.002831316258327994
32,0.00037279714014187105,0.004122033602037158,0.004494830742179029
33,0.002434170955481611,2.3298512923486507e-05,0.0024574694684050976
34,0.0002624306727175541,0.00010979370732475234,0.00037222438004230643
35,0.0006233699741352565,0.0012176294185497572,0.0018409993926850137
36,0.00042590246852576547,0.0010802874174406093,0.0015061898859663747
37,0.0013869948867799415,5.387934006930156e-06,0.0013923828207868716
38,0.002218833013198839,9.933307639874327e-05,0.0023181660895975824
39,0.0007603480553107302,0.0010050364345496215,0.0017653844898603516
40,0.00047569531867275945,0.00043948338993750845,0.0009151787086102679
41,0.00012026082136800916,2.90356108171263e-05,0.00014929643218513546
42,0.0028191339301444455,0.001302851927763012,0.004121985857907458
43,0.0012427538609758122,1.1027755935186045e-06,0.0012438566365693309
44,0.0013164460357294322,0.0033513505008701976,0.004667796536599629
45,0.002827739318753188,0.000112652482304055,0.002940391801057243
46,0.0006639501686941586,4.122308610092459e-06,0.000668072477304251
47,0.00033793531025830606,0.000822521269645173,0.0011604565799034792
48,0.0010833985942254956,2.16033630226581e-05,0.0011050019572481538
49,0.0007290362760835165,0.003049304050345435,0.0037783403264289514
50,0.0007474819013546173,6.719377135368613e-06,0.0007542012784899859
51,0.0010250508238815437,5.537433732253806e-07,0.001025604567254769
52,1.929712692804375e-07,0.0009710414719245744,0.0009712344431938548
53,6.180497493995683e-05,0.0012283787785579722,0.001290183753497929
54,0.00047256356064522654,9.022345873316156e-06,0.0004815859065185427
55,0.0022371585640087502,0.0007607280118227485,0.0029978865758314988
56,2.800213709366837e-05,0.00014478495742146797,0.00017278709451513634
57,0.00039887407856535346,0.000636330173630702,0.0010352042521960553
58,0.0014452806433038817,4.901398561229908e-05,0.0014942946289161808
59,4.057638543423657e-05,0.0026049074911932662,0.002645483876627503
60,6.921476947364369e-05,0.0016306415533863796,0.0016998563228600232
61,0.0004060173780299636,4.082929693611477e-05,0.0004468466749660784
62,0.0003972634513776278,0.0013207575455992234,0.0017180209969768511
63,0.0003056701535394017,0.00016627189070463874,0.00047194204424404044
64,0.0011543198366945953,0.001854104233289878,0.003008424069984473
65,0.0003923575327746047,2.5135000722061305e-05,0.000417492533496666
66,0.0006332203089552062,0.0014001669022545929,0.002033387211209799
67,0.0006129002623809797,0.004225666522341821,0.0048385667847228005
68,0.0009692942238709925,0.0008400210563288869,0.0018093152801998795
69,0.001949876543967777,4.731426028431161e-05,0.001997190804252089
70,0.0017675525564132364,0.00018422836551373008,0.0019517809219269664
71,0.0023587292825739434,2.0293350913053187e-05,0.0023790226334869965
72,0.0002604143987757244,0.00010981845223641006,0.0003702328510121345
73,0.001891422635113926,0.0002774888520793397,0.0021689114871932657
74,0.0027467544281989725,8.368336035845905e-05,0.0028304377885574315
75,4.186453816448729e-05,8.590529320638685e-07,4.272359109655116e-05
76,0.0002328173633650759,0.00010264504571301771,0.0003354624090780936
77,0.001284335341812107,0.004405736983169633,0.00569007232498174
78,0.0022625528706639786,0.004324145703436942,0.006586698574100921
79,0.0012631756777173949,0.0039665274817708976,0.005229703159488293
80,0.00012087815975018898,0.001548694664031934,0.001669572823782123
81,0.0014760694451698105,0.0010125536098040473,0.0024886230549738576
82,0.0004830504717549813,0.000521204092401701,0.0010042545641566823
83,0.00010208190020780697,0.0013630648556095463,0.0014651467558173532
84,0.0020148012494827757,0.00038339202995430556,0.0023981932794370814
85,0.0005876039376346313,0.0002992431570085604,0.0008868470946431917
86,5.3590441441666296e-05,4.143149984117875e-05,9.502194128284505e-05
87,0.00039222541852195945,0.0017255540022475552,0.002117779420769515
88,0.00013074903670552712,5.98689292415601e-05,0.0001906179659470872
89,0.0022161953575435957,0.00013566856569216418,0.00235186392323576
90,0.00021439089655924138,0.0012771666318349404,0.0014915575283941818
91,0.002096886670459678,3.694352942997147e-05,0.0021338301998896493
92,0.002204100980548959,0.0005915019174103179,0.0027956028979592767
93,0.0014592793176294377,0.00026934192499600225,0.00172862124262544
94,0.0019400196369579589,0.0013461677204672866,0.0032861873574252455
95,0.0006473202002555048,0.0018808532357829323,0.002528173436038437
96,1.984092961995748e-06,0.0008868838064026716,0.0008888678993646674
97,2.0686993880938905e-05,0.0006200376824647977,0.0006407246763457366
98,0.0019163328329649273,0.0005508748346058161,0.0024672076675707434
99,0.0031708606554992345,9.554445868011272e-05,0.0032664051141793474
100,0.0014587618891004515,0.0036455742270316525,0.005104336116132104
101,0.0006645132074526655,0.0021445412463026382,0.002809054453755304
102,0.0003158362567471548,0.0013592130190594291,0.0016750492758065838
103,0.0022640047696663975,0.003291654904286498,0.005555659673952895
104,0.0005251752419788689,0.0005067144138868362,0.001031889655865705
105,0.00032570777271896597,0.0014255079582698854,0.0017512157309888515
106,0.0017142550533032646,0.0006060182357339412,0.002320273289037206
107,0.0008139712221699602,0.0011623616365222468,0.001976332858692207
108,0.0018501027571818406,6.172793458807322e-05,0.001911830691769914
109,1.240663135987775e-05,0.0008770456365530868,0.0008894522679129646
110,0.000929587325971297,0.0003729888666424054,0.0013025761926137025
111,0.0004453715775196594,4.153541749183699e-05,0.0004869069950114964
112,9.527766589532945e-06,0.002367218823116116,0.002376746589705649
113,0.0004632978399857637,0.00025519530262758694,0.0007184931426133507
114,0.0038630612591923057,0.001018577851499475,0.0048816391106917805
115,0.001416037226568565,0.00041310161158995053,0.0018291388381585156
116,0.0030329687936153527,0.001862451099278069,0.004895419892893422
117,0.0008476494651667708,0.0010625692966460475,0.0019102187618128183
118,0.001637277222741029,0.00036577776487749274,0.002003054987618522
119,0.001540274767264622,0.0004018968004060657,0.0019421715676706877
120,0.0005796832175632628,0.0005557808224269238,0.0011354640399901866
121,0.0010972847694377045,0.001883128817049485,0.0029804135864871894
122,0.00037112511753768605,0.0022394011697178455,0.0026105262872555316
123,0.001219331375390909,4.610915609008372e-05,0.0012654405314809927
124,0.00037176647591433766,0.004627992857905488,0.004999759333819825
125,0.0006387202051563967,0.0028176649053844077,0.0034563851105408046
126,0.0012978081837606082,0.0016532719804702382,0.0029510801642308464
127,6.763083664561587e-05,1.0922669860618324e-05,7.855350650623419e-05
128,0.00015179297918918466,5.8856527422485406e-05,0.00021064950661167008
129,0.003137248589713816,0.0022199592394888746,0.00535720782920269
130,0.0012612370355168274,0.0005363175566720393,0.0017975545921888668
131,0.0008097560997719569,0.0007640539419715576,0.0015738100417435146
132,3.5945166944135997e-06,0.0022165833254356305,0.0022201778421300443
133,0.00020374285871253652,0.00024284509937176778,0.0004465879580843043
134,0.0013582798542373796,4.2565044521874465e-05,0.0014008448987592541
135,0.0013681342081333999,0.0001529546555021628,0.0015210888636355627
136,0.00013350720194385692,0.00011230367157122266,0.00024581087351507956
137,0.0027066392611086306,0.00012798123506953496,0.0028346204961781658
138,5.430375056929887e-05,0.00012000365206621562,0.00017430740263551448
139,0.0007818452339724734,1.7630529687810624e-05,0.000799475763660284
140,0.000649797315305401,9.729019471492895e-05,0.0007470875100203299
141,7.743825604579055e-05,0.0012776139476260192,0.0013550522036718097
142,0.000486959281259827,0.002220746195162163,0.00270770547642199
143,3.825608342534188e-05,0.0008056068407998293,0.0008438629242251712
144,0.0011360488471094667,0.002080793502944314,0.0032168423500537804
145,0.001709395587373909,0.0008485527816388238,0.0025579483690127327
146,0.00033713391548687857,4.528667547905538e-07,0.00033758678224166913
147,7.0587056088539175e-06,4.3228182705182255e-05,5.028688831403617e-05
148,0.000707287485090773,0.0006271158773600447,0.0013344033624508177
149,0.0014015100168860396,0.0029976792781039215,0.004399189294989961
150,0.0004032429425623477,0.0008862617600479254,0.001289504702610273
151,4.3102654529403963e-07,5.957132406318819e-05,6.0002350608482235e-05
152,0.0016609371643348922,5.942187566581583e-05,0.001720359040000708
153,0.002196406448640648,0.0006397239889474997,0.002836130437588148
154,0.0003472502505327949,0.00020146347494121933,0.0005487137254740142
155,0.0003303069621522198,1.978048413683726e-05,0.00035008744628905704
156,0.0001764244579290526,0.00015809770023478853,0.00033452215816384115
157,0.0013994127561329714,0.00038821515245777006,0.0017876279085907415
158,0.0013320438828582448,7.583491612462623e-05,0.001407878798982871
159,0.0002476033361966129,4.226201126901647e-05,0.0002898653474656294
160,3.0900211992024184e-06,0.0026340925023056226,0.002637182523504825
161,0.0013789318623909862,0.0004969532987624781,0.0018758851611534644
162,0.00040336859102834484,7.686534721047802e-05,0.00048023393823882284
163,0.0008344087857575938,0.006863555542182514,0.007697964327940107
164,3.6274458286334634e-05,2.475127516547059e-05,6.1025733451805224e-05
165,0.0007049534727725258,0.00010036649576173816,0.0008053199685342639
166,0.0006710413278928123,0.001582869482547968,0.00225391081044078
167,0.0002694837723217608,0.0013017037777922698,0.0015711875501140306
168,0.00035553805807356,8.08038260193823e-06,0.0003636184406754982
169,0.0005880048438295329,0.0038253190939886916,0.004413323937818224
170,0.0013299902445077123,1.3055270967631296e-05,0.0013430455154753436
171,8.297573388928953e-05,0.000855688944814203,0.0009386646787034925
172,9.020836833421935e-05,0.0005733986008225084,0.0006636069691567278
173,0.0012178654817955076,7.635076894571386e-05,0.0012942162507412216
174,0.0024012519314528533,9.915737212900967e-05,0.002500409303581863
175,0.0016210368061844993,3.758594079534901e-05,0.0016586227469798484
176,0.0010739866617702624,4.530003808249309e-05,0.0011192866998527555
177,0.0019356509745985936,0.0004740158079517442,0.002409666782550338
178,0.0012553359944066978,7.77079717157635e-05,0.0013330439661224612
179,4.527276801371777e-07,0.0001127978420005973,0.00011325056968073447
180,0.003316928440932594,0.000418732879030398,0.0037356613199629922
181,0.0009202769846893027,6.891617780105938e-06,0.0009271686024694086
182,2.281389210005471e-06,9.123355263264903e-07,3.193724736331961e-06
183,0.0004597174548317873,0.005442481865940413,0.0059021993207722
184,0.00015806182439079673,0.0002591455579072896,0.00041720738229808637
185,0.0019803367182327333,9.418191856931718e-06,0.001989754910089665
186,0.0022025355889636936,0.0018495422832427765,0.00405207787220647
187,0.00019339259206108,0.00042191954495390956,0.0006153121370149895
188,0.0021234682858588764,0.0003527255304368163,0.0024761938162956927
189,0.0026626969647343883,0.004901068934848233,0.007563765899582622
190,3.1478238852367032e-06,0.0009818913815076988,0.0009850392053929356
191,1.8135219298079315e-06,0.00022806733398007464,0.0002298808559098826
192,1.0080207861944528e-07,0.00016940785221879938,0.00016950865429741883
193,0.001175650630811566,0.0029894953013803022,0.004165145932191868
194,0.00044211948565687055,0.00031556537680582566,0.0007576848624626962
195,0.0011171117184390139,0.0007536473312893065,0.0018707590497283205
196,0.0017826291945950467,0.000577062062934372,0.0023596912575294185
197,0.0009662047756592551,1.819390151525651e-05,0.0009843986771745116
198,0.0015672489876408604,4.7626714401647114e-05,0.0016148757020425075
199,0.0026822764335441853,0.0008434904670641339,0.0035257669006083193
200,0.001385187399997288,0.00432325085168941,0.005708438251686698
201,0.0005682770213081651,0.0001966010992056939,0.0007648781205138591
202,0.00045440724228813486,0.001003934923382612,0.001458342165670747
203,0.0016424565187213047,4.1863229187168635e-05,0.0016843197479084733
204,0.002488421875734522,0.0007080438874196391,0.0031964657631541613
205,0.00275288122903695,0.0009656149702580877,0.003718496199295038
206,0.0017644647339456212,0.0009338396993538966,0.0026983044332995177
207,0.00019423606948677829,0.004681363780762704,0.0048755998502494815
208,0.0015935398429299064,0.0003931497116138388,0.001986689554543745
209,3.482829511948965e-05,0.0011018074333992297,0.0011366357285187193
210,0.00030987512689374224,0.00018706488382356847,0.0004969400107173107
211,0.0028435453080239677,0.0010653454561147264,0.003908890764138694
212,0.00017908011625563137,0.001778789424242055,0.001957869540497686
213,0.003088379510989291,0.000645765463659246,0.003734144974648537
214,0.00039969918770742127,3.410993444972635e-05,0.00043380912215714763
215,0.002250844537587711,0.000589865593919596,0.002840710131507307
216,0.0009211035556562103,0.0002437218425843635,0.0011648253982405737
217,0.00136389915800106,0.0005283995845917609,0.0018922987425928207
218,0.0032945645689688584,0.00286152972483781,0.006156094293806668
219,0.000151461115298111,0.0003260448357134669,0.0004775059510115779
220,0.0014910139006630591,0.0008411547651046366,0.0023321686657676957
221,0.0026109371568243545,0.0007648451258841115,0.003375782282708466
222,0.00022981666578114466,0.001713368556889357,0.0019431852226705017
223,0.00011049108303896867,0.002781158160605388,0.002891649243644357
224,0.0004255629090025003,0.00018728850327152455,0.0006128514122740249
225,1.4741828952171308e-05,0.0035613737402014375,0.0035761155691536087
226,0.0014152689364404878,0.0010597522876708257,0.0024750212241113137
227,0.001159716068863983,0.0003728202424184684,0.0015325363112824513
228,0.00018668686855218718,8.280491272873442e-05,0.0002694917812809216
229,4.0094713680019054e-09,6.357838612158756e-10,4.645255229217781e-09
230,0.00024708290451923526,7.949373431703085e-05,0.0003265766388362661
231,4.69172020329232e-08,0.0025511011944761475,0.00255114811167818
232,0.0003029887787785956,0.0016751788755837212,0.001978167654362317
233,0.0004608649469521833,0.00018889998615769088,0.0006497649331098741
234,0.0026254716123298733,0.002346749994891094,0.004972221607220967
235,0.0007254801709712596,0.00043546064981843304,0.0011609408207896928
236,0.0004059037258341161,0.0035543777666928885,0.003960281492527005
237,4.601181790030927e-05,2.9223376519357923e-05,7.52351944196672e-05
238,5.688619674010022e-05,0.0011056803565315685,0.0011625665532716688
239,3.410912656268282e-05,6.536529037708033e-05,9.947441693976315e-05
240,0.00042240572095999206,4.267722989916617e-06,0.00042667344394990865
241,3.998807682845334e-06,1.726828995436804e-05,2.1267097637213373e-05
242,0.0014699355234742265,0.0005057493125978858,0.0019756848360721123
243,3.28312859172272e-05,0.00013165125514041565,0.00016448254105764284
244,0.0009769241841774121,0.0012860081377207239,0.0022629323218981362
245,0.0018113854484330383,0.0005708594130894739,0.002382244861522512
246,0.0009783149209467476,1.6446691154030605e-05,0.000994761612100778
247,0.000302785967147035,7.057239150279139e-06,0.00030984320629731416
248,0.0009122391357935285,0.0020538025889850556,0.002966041724778584
249,0.0014283259943946704,0.0010685776021440647,0.002496903596538735
250,2.5460884393112014e-05,0.0004451418663927788,0.0004706027507858908
251,0.0022880272694342963,0.0005005372366937321,0.0027885645061280283
252,8.177833731540249e-05,0.0014717490044581134,0.0015535273417735158
253,0.0015535438481990018,0.0004177430647883885,0.00197128691298739
254,0.001345123026027962,0.001974994854412188,0.00332011788044015
255,0.000760359613006003,0.00021237682614337798,0.000972736439149381
256,2.282156543066455e-06,0.0023995723471464748,0.002401854503689541
257,8.814665313203132e-06,0.00023212557037043482,0.00024094023568363795
258,0.0009407082831120101,0.0035824085833481858,0.004523116866460196
259,0.0001736566034925155,0.0005855533733949164,0.0007592099768874319
260,0.0019187618717019478,0.0005151279588043381,0.002433889830506286
261,0.00048771440031609184,0.0012515442148705862,0.0017392586151866781
262,0.0017403093364438856,0.0012261448641716676,0.002966454200615553
263,0.0018586735241024586,0.0010516068069583234,0.002910280331060782
264,0.000987923080184177,0.0009375612200938084,0.0019254843002779853
265,0.0025864314107414545,4.778520487027794e-05,0.0026342166156117326
266,1.3617443927736084e-06,2.378370098039651e-05,2.5145445373170117e-05
267,0.00035075822912775746,0.001658348690158909,0.0020091069192866664
268,4.524523007734376e-05,0.002725581371213527,0.0027708266012908705
269,0.0005776167124623456,0.005161544895881556,0.005739161608343902
270,5.691155459957181e-05,0.0008324910191534435,0.0008894025737530152
271,0.0004980777434996945,6.233026740997907e-05,0.0005604080109096736
272,0.0008217174825966138,0.0005449360976802664,0.0013666535802768802
273,0.0003833946419379839,1.0134500946597587e-05,0.0003935291428845815
274,0.0012260963146412081,0.0020207673022273405,0.0032468636168685484
275,4.373808669281877e-05,7.165841684552169e-06,5.090392837737094e-05
276,0.00345242950893582,0.0024553733050224425,0.005907802813958262
277,0.00041892599668704914,0.004480919220515071,0.004899845217202121
278,8.639102897281893e-07,1.3666181304642902e-05,1.4530091594371092e-05
279,0.0005963395877805661,2.917124045923112e-06,0.0005992567118264892
280,0.0006500829655134283,0.000780565421962349,0.0014306483874757772
281,0.000581939860574278,0.0002544399577483752,0.0008363798183226533
282,1.739494642406495e-07,5.52865558606504e-06,5.70260505030569e-06
283,0.0014121303160092768,0.002014131281759156,0.0034262615977684327
284,0.00023008647649793324,0.0014411302100715451,0.0016712166865694785
285,0.0013662755723660932,0.0016079240465322392,0.002974199618898332
286,2.370698213788029e-05,8.70519925714487e-05,0.000110758974709329
287,0.0010929948391833065,0.0010875074502814234,0.00218050228946473
288,0.0009073366956530554,0.000681310807275401,0.0015886475029284564
289,0.0013833627156954894,2.5913258479520137e-05,0.0014092759741750095
290,0.0008560574396990254,0.0008121667152308607,0.001668224154929886
291,0.0011877353101431745,0.005289245472399433,0.006476980782542607
292,0.000496499457444509,0.000310415146188966,0.000806914603633475
293,0.00031011180158077773,1.9899704040577933e-06,0.0003121017719848355
294,0.001217760245642366,0.0031279050985471664,0.004345665344189532
295,0.0004255214044058395,0.00012420992262196227,0.0005497313270278018
296,0.00045879250028029865,0.003988083373223406,0.004446875873503705
297,3.774904102667746e-05,0.0034027994736753587,0.003440548514702036
298,0.001146419029238957,1.349191290037244e-06,0.0011477682205289943
299,0.0008993572048578135,0.0001559145244930476,0.0010552717293508612
300,0.00011805289882844795,0.00034423366965282673,0.00046228656848127465
301,0.00029178893249792395,0.0011105932889707707,0.0014023822214686947
302,0.0018073864868469627,0.00020582997730413192,0.0020132164641510947
303,2.4485664349895583e-06,0.0003176245057356688,0.0003200730721706584
304,0.0007220588429816705,0.002311467645112409,0.0030335264880940794
305,0.0005791417068542333,0.00013157749761855052,0.0007107192044727838
306,0.001230324825805317,0.00010589735971006762,0.0013362221855153847
307,0.0007886340745201488,0.0003623834217556129,0.0011510174962757616
308,0.00016696077691579324,0.00033906244743832034,0.0005060232243541136
309,0.0013600972164244727,0.00012398697557776807,0.0014840841920022408
310,0.0006664390782549961,0.0003129649916397818,0.000979404069894778
311,0.002003273361257984,0.0027000626719209113,0.004703336033178895
312,0.00024096112240480674,0.0005421944648325703,0.000783155587237377
313,0.00028011646346527317,7.104481644951044e-08,0.0002801875082817227
314,0.0006497565767866532,0.005985429449028489,0.006635186025815143
315,1.9197097250558012e-05,0.0006256866784272983,0.0006448837756778562
316,7.481839928834428e-05,0.0030324344308710555,0.0031072528301593996
317,0.000688441934865448,0.0016400989738559215,0.0023285409087213695
318,0.001781455946020605,0.0005279566413437231,0.0023094125873643285
319,0.0016252447095678028,6.955443251826579e-06,0.0016322001528196294
320,0.0017506237151655878,1.75913186659266e-05,0.0017682150338315143
321,0.0006386104693991513,0.0005999768172268397,0.001238587286625991
322,0.0015183338579622385,3.4127399405094166e-06,0.001521746597902748
323,0.0020769189209968947,0.00174049060254566,0.0038174095235425547
324,0.001968053514739028,0.0023573289737164713,0.004325382488455499
325,0.002340137907472838,0.0015294067240553574,0.0038695446315281956
326,0.0015393155018794307,0.0007589049954874979,0.0022982204973669286
327,0.0019409356726977026,0.0009110205340582941,0.002851956206755997
328,0.0016848693769198557,3.257350634970589e-05,0.0017174428832695615
329,0.0008829332928400172,0.002257346915321901,0.0031402802081619183
330,0.0018219789680276501,0.0005008678830954329,0.002322846851123083
331,0.0009049649433119454,7.90474715553404e-05,0.0009840124148672857
332,0.00014409243997827673,0.003623054407045041,0.0037671468470233177
333,0.00023760830233933563,6.770013366714816e-08,0.0002376760024730028
334,0.0005618287961162401,1.4310454230096167e-07,0.0005619719006585411
335,0.0013996574097438744,8.20383464253581e-05,0.0014816957561692324
336,8.236729314597976e-05,0.0012928312402409419,0.0013751985333869217
337,0.0001515489748197582,7.537309217848731e-07,0.00015230270574154305
338,0.0029206946586114663,4.7946667302972114e-05,0.0029686413259144384
339,0.0017790948121737267,0.0004928597482945353,0.0022719545604682617
340,0.0028982348249046437,0.005674947306301348,0.008573182131205991
341,0.0023305746502024645,0.00025036408748978933,0.0025809387376922537
342,0.0016004348263768881,2.4733682239654285e-05,0.0016251685086165423
343,0.002264363964436494,0.0002218582521370537,0.0024862222165735475
344,0.0016569158186580076,7.340217626465225e-06,0.0016642560362844728
345,0.00012426573851123833,0.0011019753807754544,0.0012262411192866928
346,0.00013469197932549224,0.00044182697935992924,0.0005765189586854215
347,0.0018639480996841342,2.796172747675949e-08,0.001863976061411611
348,3.408801247252996e-05,0.0005127150855348023,0.0005468030980073323
349,0.0010214520057796096,0.00042549381098286955,0.001446945816762479
350,0.0004110334228132037,0.00022640102185844267,0.0006374344446716464
351,0.0012983459200494045,0.00025400765622467973,0.0015523535762740842
352,0.0019351085600934192,0.00010366869743873023,0.0020387772575321495
353,0.0005204211566688337,0.003344259921003959,0.0038646810776727927
354,0.0009369889967770337,0.002586286275367151,0.003523275272144185
355,0.0017504942220621948,0.0006396447251709498,0.0023901389472331448
356,0.0025194981279505597,0.0004013302877773698,0.0029208284157279294
357,0.002241645134712396,0.0021097444703652795,0.004351389605077676
358,0.0024714600294985347,3.177570790389118e-05,0.002503235737402426
359,0.0002633893860132131,0.0010556498258919996,0.0013190392119052127
360,0.0009962267823741791,8.314861115901027e-05,0.0010793753935331894
361,0.0006120580217592706,0.0014445876486905887,0.002056645670449859
362,0.002461812522106174,0.00016235689933051514,0.0026241694214366893
363,0.0005485530070573777,0.00033732681656273387,0.0008858798236201116
364,2.2717779817033334e-06,0.00012409116167023932,0.00012636293965194266
365,0.001719313976639537,0.002183321265152851,0.003902635241792388
366,0.0008365762647611353,1.3718861853263011e-06,0.0008379481509464616
367,0.0007835609641718757,0.0016289594774785787,0.0024125204416504545
368,0.0015907718173825342,0.0033094696325308526,0.0049002414499133866
369,8.704171718735572e-05,9.472076723395596e-05,0.00018176248442131168
370,0.0016766756529868559,0.0008882303144616332,0.002564905967448489
371,0.0009366259851496806,0.000447468776204345,0.0013840947613540256
372,0.0009676002390884033,0.00043328772594573297,0.0014008879650341363
373,0.000980344999135515,4.421143328668807e-06,0.0009847661424641837
374,0.0025328438937761624,0.00015562265677458473,0.002688466550550747
375,0.00047900458127082265,0.00035316909200788283,0.0008321736732787054
376,0.0011401597355250475,0.000553366763499373,0.0016935264990244206
377,0.0019357240492477823,0.00023336631550982534,0.0021690903647576076
378,0.0003309137877657689,4.1360847609593e-06,0.0003350498725267282
379,9.47434761413463e-05,0.0008392021911027654,0.0009339456672441117
380,0.00029303045627265313,3.860394353100968e-07,0.00029341649570796324
381,0.0021691424944109577,3.561260965912214e-06,0.0021727037553768698
382,0.0017492431053170324,0.0004963163382996475,0.00224555944361668
383,0.001745624992039489,3.7647662994793845e-05,0.001783272655034283
384,0.000756359086939846,0.00023684710698075595,0.000993206193920602
385,0.0029231786878504374,0.00023167816263169674,0.003154856850482134
386,1.3440651459934535e-07,0.0003025626567893652,0.00030269706330396455
387,0.0023285526305608746,0.0018977432255003564,0.004226295856061231
388,0.002151580038203476,0.00018205541645205598,0.002333635454655532
389,3.934476911497018e-11,0.0015491568996166445,0.0015491569389614137
390,0.0018238784477308768,0.0005224547082248015,0.0023463331559556784
391,0.002653385245304783,0.0012204372293898107,0.0038738224746945934
392,1.1070523400756234e-06,0.0008621833744613158,0.0008632904268013914
393,0.001711562572197122,6.406924790476348e-06,0.0017179694969875984
394,0.000281536955101685,0.0010901243882902123,0.0013716613433918973
395,0.000679944269195153,0.0036168547154836915,0.004296798984678845
396,0.0008006137748596205,0.0012510916449657156,0.002051705419825336
397,0.0007779291782297853,0.0020926415335373737,0.002870570711767159
398,0.002345234174694534,0.0011216781125680784,0.003466912287262612
399,0.0013384268054848103,4.784979843378912e-05,0.0013862766039185995
400,0.002314551920440112,0.00012599942855317495,0.002440551348993287
401,0.0015010636967231349,4.475468537039178e-05,0.0015458183820935268
402,0.0005785004538682991,4.175003305185231e-05,0.0006202504869201514
403,0.0011502768120314635,0.0032725929159997395,0.004422869728031203
404,0.000866018746982703,0.0011032522003383994,0.001969270947321102
405,0.0004040346492858449,0.0012350651949629594,0.0016390998442488043
406,3.487956438566591e-05,0.0009317914368193888,0.0009666710012050547
407,0.0024912608284700885,0.002016769290938652,0.00450803011940874
408,4.975591542289387e-05,8.521316799267199e-06,5.827723222216107e-05
409,0.00221812784229529,1.3519162968866812e-06,0.0022194797585921764
410,6.420413846674545e-05,0.0002594562841577529,0.00032366042262449836
411,0.0007458301751209335,0.00033003124422293945,0.001075861419343873
412,0.0012610461993434248,0.00010514921575379107,0.0013661954150972159
413,0.0009393848641355134,0.0005223892657293884,0.0014617741298649017
414,4.216735014095507e-05,0.00042622055932964363,0.0004683879094705987
415,0.0017941714183251026,0.0011657277808454064,0.0029598991991705093
416,0.0002343847921668425,0.0025253463119809952,0.0027597311041478376
417,0.000965477190711673,0.0014479505244561056,0.0024134277151677784
418,0.00023171538422209458,0.0011425106746245348,0.0013742260588466295
419,0.0011006410894794248,0.001232783723227916,0.002333424812707341
420,0.0031364269031143545,0.004869977694895829,0.008006404598010185
421,0.002638756369250356,0.0032824508512326457,0.005921207220483001
422,0.0008137643881210396,0.001382772257782027,0.0021965366459030665
423,0.0005500959991847367,0.00021082270499257465,0.0007609187041773114
424,0.0004639956340910702,2.534265237149144e-05,0.0004893382864625616
425,0.0015986584317354549,0.0012912918853780616,0.0028899503171135165
426,4.719374520369273e-07,0.0003551613693114894,0.00035563330676352637
427,8.946044690187285e-05,0.0002916810034221033,0.0003811414503239761
428,0.0015340101700293738,0.0006651320142375685,0.0021991421842669423
429,0.0009934483566401994,0.0013995604447747164,0.0023930088014149156
430,0.0009911822322879488,0.0001010802027051858,0.0010922624349931347
431,0.0018282723858713277,0.0009149565557018752,0.002743228941573203
432,0.00013684711673701328,0.0007887656433277458,0.0009256127600647591
433,0.00026092183081583524,0.0001050497051405053,0.00036597153595634054
434,0.0012838205404701712,3.384518201001768e-05,0.001317665722480189
435,3.3200883027769775e-05,0.0009057805095714002,0.0009389813925991699
436,0.0015496535021855026,0.0026350322733664808,0.004184685775551983
437,0.00016163887280296968,0.0024687667893191273,0.002630405662122097
438,0.0002041238066503932,0.00026917195622411884,0.00047329576287451203
439,0.0002774036024562666,0.0017563550540566307,0.002033758656512897
440,0.0019753546229339916,0.000489439479074809,0.002464794102008801
441,0.0002276498151131299,6.886764676005483e-07,0.00022833849158073044
442,0.00016748681944955864,0.0013728784833202479,0.0015403653027698065
443,0.0013835380902705015,0.0005348922635365978,0.0019184303538070993
444,0.0015128937901379867,0.002987111008890999,0.0045000047990289855
445,0.00262154366005748,0.00012600548921343628,0.0027475491492709165
446,0.00013585792007583705,0.00043189166131006037,0.0005677495813858974
447,0.001684816203950759,0.00566672651905279,0.0073515427230035485
448,2.755975973074688e-10,0.0002615751042778677,0.000261575379875465
449,1.4183461641447198e-05,0.0004926165206255576,0.0005067999822670048
450,7.443714946518322e-05,0.000296509868394608,0.0003709470178597912
451,0.00042882694145879096,3.6017379596763345e-06,0.0004324286794184673
452,0.000363522911176619,0.0024693245888916153,0.0028328475000682345
453,0.0015552215477010153,0.00031523839400473646,0.0018704599417057517
454,0.0009958014758713514,0.0005629561072431075,0.0015587575831144589
455,2.038789658495698e-05,0.000531462249631736,0.0005518501462166929
456,8.383601554049126e-06,0.0010802549954122252,0.0010886385969662742
457,0.00045941769846113387,0.0006965306008428417,0.0011559482993039757
458,1.2023748026780486e-06,0.0016791352035192557,0.0016803375783219338
459,0.0006301737460030721,3.020784134369718e-05,0.0006603815873467692
460,9.370135789194728e-05,7.435941523171709e-06,0.00010113729941511899
461,0.00010568128985085802,0.0008877980027314244,0.0009934792925822824
462,2.5349682900832708e-08,4.358084178143254e-07,4.6115810071515815e-07
463,0.0003510443078656661,3.35795085493248e-05,0.0003846238164149909
464,1.148387647627766e-06,0.0004311946737911952,0.00043234306143882296
465,0.002255303706684611,0.001113769231643173,0.0033690729383277843
466,3.5807711713536946e-05,0.00011203988732964841,0.00014784759904318536
467,2.4406428278243083e-05,0.00044039730730094254,0.00046480373557918563
468,0.00018676034491073122,0.0003819067707899773,0.0005686671157007085
469,0.0015824954752164018,1.6370005234048854e-06,0.0015841324757398067
470,0.0029035091054506633,0.001082644055256873,0.003986153160707537
471,0.0001204883468322977,0.0011949159400752767,0.0013154042869075744
472,0.0013335674029691918,0.0010463616280973267,0.0023799290310665185
473,0.0032157235403776777,0.0006335216182042897,0.0038492451585819673
474,0.0002353228926590563,5.1947366443998385e-05,0.0002872702591030547
475,0.002359730389672509,0.00027283377981308926,0.0026325641694855983
476,0.0016557876143692336,1.876107265727087e-05,0.0016745486870265044
477,0.001235685582915752,0.0010218797561269515,0.002257565339042703
478,1.738432251710708e-05,0.00030032586264916005,0.00031771018516626716
479,9.412290969426227e-05,0.007627499769720504,0.007721622679414766
480,0.002633226867209522,9.57052488579898e-05,0.002728932116067512
481,0.0009731499780184432,0.001116559303152578,0.0020897092811710213
482,0.0015800967011247438,0.0038940534432332324,0.005474150144357976
483,0.0017449701778264911,8.488453733743093e-05,0.0018298547151639221
484,0.001110874795153053,0.0014883010299975965,0.0025991758251506496
485,0.0014002294295858359,0.000160332568827912,0.001560561998413748
486,0.0012746262348678986,0.000726364224028411,0.0020009904588963096
487,0.0034931034124136844,0.0007034276202160281,0.004196531032629712
488,0.0016199081303173016,0.002040009777602358,0.00365991790791966
489,0.0006186864091209472,0.00011915417959231817,0.0007378405887132653
490,0.0006910654398649186,0.00043098902590595577,0.0011220544657708745
491,0.001816565936597484,0.0003997353579889777,0.0022163012945864615
492,0.0002842827493409924,2.507585827264032e-06,0.0002867903351682564
493,0.00024734769360290425,0.001170961270684771,0.0014183089642876752
494,0.0011176927342691873,0.00015510368326610068,0.0012727964175352881
495,0.0007774234512696145,0.001444871033748304,0.0022222944850179187
496,0.001349530959858819,0.00012405426723704184,0.001473585227095861
497,1.0036169724958663e-05,0.000545909054153862,0.0005559452238788206
498,6.011771224803805e-07,0.00308050421572668,0.0030811053928491605
499,0.00048691490444281407,0.0025879699826969116,0.0030748848871397258
500,0.00041345735757879236,0.00047176594878127855,0.0008852233063600709
501,0.0021448814185249187,0.00025589572335759416,0.002400777141882513
502,0.00038691870749182883,0.0011819136205227555,0.0015688323280145843
503,0.0009581845788313745,0.001406985038717569,0.0023651696175489437
504,0.0015995683949369985,7.922144782482997e-05,0.0016787898427618284
505,0.0001606510632084223,0.00012295906556755005,0.0002836101287759723
506,1.3412082635799096e-06,0.00044876679792060266,0.00045010800618418257
507,6.630940438432271e-06,0.0025185267336325264,0.0025251576740709584
508,0.0002230478478484426,2.948903765793268e-05,0.0002525368855063753
509,0.0002654248341451842,3.2818864648095964e-05,0.00029824369879328014
510,4.2961399979992585e-05,0.0017077939392510246,0.001750755339231017
511,1.216817164110508e-05,0.0013751301061764535,0.0013872982778175586
512,0.001112911822643906,1.4011981316653352e-05,0.0011269238039605593
513,0.0009101441582363191,9.232082582169302e-05,0.0010024649840580122
514,6.156600208891063e-05,0.002020620007242743,0.0020821860093316537
515,0.00014178640891415102,8.323989339240439e-05,0.0002250263023065554
516,2.4966957074845494e-06,2.2608122982024064e-05,2.5104818689508614e-05
517,0.0005843277399558343,2.2679233038245936e-06,0.0005865956632596589
518,0.0004700130507123611,4.4353922493177203e-07,0.0004704565899372929
519,0.00013886200511430114,0.00011049130277753848,0.00024935330789183964
520,0.001172680168877204,0.000906101836199672,0.002078782005076876
521,0.001576186778664107,1.1547939473275424e-05,0.0015877347181373824
522,0.0006954871672287361,0.004232347988963559,0.0049278351561922945
523,2.1968698987683906e-05,0.0017595478402328702,0.0017815165392205542
524,0.0006731056374933746,0.0020070600441385263,0.002680165681631901
525,0.0002488467272723156,2.804076080271599e-05,0.0002768874880750316
526,0.001523206462304029,6.680380972492148e-05,0.0015900102720289506
527,0.0008643290255249756,0.0008815540258967416,0.0017458830514217173
528,0.000738466831745328,0.0018997126174942146,0.0026381794492395427
529,0.0018359331564378218,0.0001849676099634453,0.002020900766401267
530,7.000187747383057e-06,0.0026377155679400076,0.002644715755687391
531,0.0007525853234407272,0.001644003639525978,0.0023965889629667054
532,0.00020172598584848454,0.0008838670367105476,0.001085593022559032
533,0.0022482120432071335,0.0015640994656435467,0.00381231150885068
534,0.001562844290333379,7.505723647270959e-06,0.0015703500139806498
535,0.0005597829867804093,0.0005652579202198298,0.0011250409070002391
536,0.0009696648028201099,0.0003361688006723627,0.0013058336034924727
537,0.0011795200007730185,0.00045562257428428195,0.0016351425750573004
538,0.00036568224079273497,1.0160710627041313e-05,0.0003758429514197763
539,0.001390716619003084,0.0014478265409711482,0.0028385431599742324
540,7.612843481879068e-08,0.0012414217302362102,0.001241497858671029
541,0.0014532016304495332,0.00020386792953140111,0.0016570695599809342
542,0.0005356596551333966,0.00017898048810868018,0.0007146401432420767
543,0.0015041478883514355,0.0003265450203065785,0.001830692908658014
544,0.00019376040471965386,0.0027449614820825243,0.002938721886802178
545,0.0001798406613100272,0.0002287846693809664,0.0004086253306909936
546,0.0005114355741237729,3.915450360938424e-06,0.0005153510244847113
547,0.0003074583688462498,6.700732667189592e-08,0.0003075253761729217
548,0.00013666821326142265,3.989384849037321e-05,0.00017656206175179585
549,9.508418593411955e-05,0.0008567108513687026,0.0009517950373028221
550,0.000423765038468623,7.542438312760214e-05,0.0004991894215962251
551,0.0004786006249123031,0.0002633372825784266,0.0007419379074907297
552,0.0006501471246381326,0.001657056804824767,0.0023072039294628997
553,0.001893476109275599,0.0001603801298907031,0.002053856239166302
554,0.0008172888027283007,0.0017689070865162225,0.002586195889244523
555,0.002162530870856594,0.0018299259145270587,0.003992456785383652
556,0.00021513257914580763,0.0010208333817868962,0.001235965960932704
557,0.0004160165355028753,0.0006813539201905971,0.0010973704556934724
558,0.0022896320595041293,0.0007849706582354574,0.0030746027177395866
559,0.002045692165497781,0.0005285797944805829,0.0025742719599783637
560,0.0003281668417288734,0.00144350423287089,0.0017716710745997635
561,0.0012874934361406037,7.967376739502404e-09,0.0012875014035173432
562,0.002007591445469275,1.3329596992248878e-05,0.002020921042461524
563,5.00111636231017e-06,0.000522877525498268,0.0005278786418605782
564,0.0016280543030996835,0.0005762288640113919,0.0022042831671110754
565,0.0013275343555203454,0.001830955579460304,0.0031584899349806493
566,0.00011728995783887806,0.00016509690755463216,0.00028238686539351025
567,0.00017603378285506162,0.002037668274321594,0.0022137020571766555
568,0.00018017789349018554,0.0006139512501322289,0.0007941291436224145
569,0.0005220899273036513,0.0014043112610586613,0.0019264011883623126
570,0.000262189142510967,0.0029750902787085893,0.0032372794212195562
571,0.0003186388563357065,0.0033396722326720705,0.003658311089007777
572,0.0017041407044489087,1.2269047206380418e-06,0.0017053676091695468
573,0.001193141852616226,1.4491071778514116e-05,0.0012076329243947402
574,9.045336751155114e-06,0.0006917942612180621,0.0007008395979692172
575,0.000491744861871098,0.0012052252292771132,0.0016969700911482113
576,0.0007239163244974757,6.9267574216660855e-06,0.0007308430819191417
577,2.3255592886734377e-05,0.0008431351057895866,0.000866390698676321
578,0.0005195574240176517,0.000497870946542979,0.0010174283705606307
579,0.0005960550532959259,0.0005939977666068862,0.0011900528199028121
580,0.0002989703670990973,0.0011492456876463551,0.0014482160547454525
581,0.0017131402480123504,2.5848576657691803e-05,0.0017389888246700422
582,0.003496628875463284,0.0015351003079167732,0.005031729183380057
583,0.0020751686170125527,8.474241633444371e-05,0.002159911033346996
584,0.0001273110115126754,0.0021388652652864753,0.002266176276799151
585,0.0019752974974773137,2.9414819481605105e-06,0.001978238979425474
586,0.0004175515695823175,3.897099275617673e-05,0.00045652256233849424
587,0.0014750794215351243,0.002109816506169846,0.0035848959277049704
588,3.712385950535912e-05,0.00010918023627879916,0.0001463040957841583
589,0.001861058971119796,0.00024957042589847123,0.0021106293970182674
590,9.772417678688168e-05,0.000990237239988168,0.0010879614167750497
591,0.0003596919125699757,0.0006336373694325644,0.00099332928200254
592,0.00021455388753519448,3.4251086826205976e-05,0.00024880497436140047
593,0.000613057801267025,0.00018268969854809216,0.0007957474998151172
594,0.0010293970114876368,2.3421187945753787e-06,0.0010317391302822122
595,0.0005941168731736846,0.0005283817555413729,0.0011224986287150574
596,0.0007577262934477579,7.654536535133774e-06,0.0007653808299828916
597,0.000855312773642831,4.359462996193757e-06,0.0008596722366390248
598,0.0012029664975855012,0.0004290838626987189,0.0016320503602842201
599,6.554707076017294e-05,0.0005703495995485427,0.0006358966703087156
600,0.001992253995352664,0.000872781273278737,0.0028650352686314007
601,3.142391019802131e-05,0.00064936290510769,0.0006807868153057112
602,0.0006961618231807659,0.0009283102530174292,0.001624472076198195
603,2.7348181077922008e-05,0.0028501837159811963,0.0028775318970591184
604,0.0013734830203964024,0.001150989567792587,0.0025244725881889895
605,0.0006401308374083078,0.00020442283619484986,0.0008445536736031577
606,0.0004895047509982693,0.00037213896444068714,0.0008616437154389564
607,0.002014349557364723,0.00018829049527688564,0.0022026400526416086
608,0.0028227596781641327,0.00044723833325713345,0.0032699980114212664
609,0.0007593564211682901,0.0002548896071212697,0.0010142460282895598
610,0.0010027471038036222,2.5115702578876878e-05,0.001027862806382499
611,0.001189951839011287,0.00036188981489349297,0.00155184165390478
612,0.0023029419553427613,0.0005242190427628694,0.0028271609981056307
613,0.0001156996106638074,0.00010703063595158849,0.0002227302466153959
614,0.002435952167462428,0.00032656939370909747,0.0027625215611715255
615,0.0037058299718262353,0.0008944938168723988,0.004600323788698634
616,0.0013131340322234432,2.4051013319379154e-07,0.001313374542356637
617,0.0007923430617157776,0.00048541831249267637,0.001277761374208454
618,0.0027595557667645858,0.0015710741797359084,0.004330629946500494
619,0.0004353792220160035,0.0001659926939858995,0.000601371916001903
620,0.000512307720653616,0.0015655786986247388,0.002077886419278355
621,0.0010652437385289925,0.0006631291571290394,0.0017283728956580318
622,9.335036411106307e-06,3.9225559305773514e-05,4.856059571687982e-05
623,0.0028937501342873964,0.002122702586467265,0.005016452720754662
624,4.283553463647784e-05,2.5166328359959526e-05,6.800186299643738e-05
625,0.002288489575014913,0.0007099222581411412,0.0029984118331560544
626,0.00028487985353653283,0.00015356388628555404,0.0004384437398220869
627,3.193514199755182e-05,0.0021450234337396117,0.0021769585757371633
628,0.0006066276883032199,0.0038019827416740687,0.0044086104299772885
629,0.0011922487614069938,1.722267666140548e-05,0.0012094714380683992
630,0.00014314158702324466,0.0008315260833184622,0.0009746676703417069
631,0.000640774862841408,3.563918427581393e-06,0.0006443387812689894
632,0.0002575121070305618,0.0010208046533402755,0.0012783167603708373
633,0.0016856460017027881,0.0026576746919753477,0.004343320693678136
634,0.002721723121588265,0.0010359149332169824,0.003757638054805248
635,0.00044383215674974536,0.00035136021736366255,0.0007951923741134079
636,0.0005808113134874528,6.440162945638327e-06,0.0005872514764330911
637,0.00038281222678778886,0.00017803223266078897,0.0005608444594485778
638,0.0015673154094180458,0.0028944426122600726,0.004461758021678118
639,9.279863807007696e-05,0.0008582816263142712,0.0009510802643843482
640,0.0005655310844613673,0.00012167530387634557,0.0006872063883377129
641,0.0020212886610674378,9.278506342717701e-07,0.0020222165117017095
642,0.001998585139163971,0.00010689654012534651,0.0021054816792893173
643,0.00034182660164046986,0.00020765215796041822,0.0005494787596008881
644,0.002172696186500672,0.00050745960922974,0.002680155795730412
645,0.0010258927313195943,2.691964187042699e-08,0.0010259196509614648
646,9.495426656389695e-05,0.0027976073098450226,0.0028925615764089194
647,8.435954662140908e-05,0.007031086073667874,0.007115445620289282
648,0.002183398463447155,4.399855457563272e-05,0.0022273970180227876
649,0.0019493304354480413,0.0019631499368135117,0.003912480372261553
650,0.000870905595077437,0.00012450717252135548,0.0009954127675987925
651,0.0014339098368782157,0.001723582292263007,0.0031574921291412225
652,0.0013707527102778038,0.0007348986585255303,0.0021056513688033343
653,0.00030600743640951097,0.0008299832518369835,0.0011359906882464944
654,0.0008643836622162977,0.00126418990807285,0.0021285735702891474
655,0.0007426903740539331,0.00025090481691774887,0.000993595190971682
656,0.002158651358973213,0.0028274718468067218,0.004986123205779935
657,0.0007664712757339676,0.002348140735327835,0.0031146120110618026
658,0.00019282926677284271,0.0068276774640550495,0.007020506730827892
659,0.0004011205077172067,2.172533093778212e-05,0.0004228458386549888
660,0.0016745470509728446,0.0007871086235649992,0.002461655674537844
661,0.0006078040953673578,0.0004052653768430402,0.001013069472210398
662,0.0004517782846632272,0.0005321822669927228,0.00098396055165595
663,0.0006362167125608865,2.0521919075771562e-05,0.000656738631636658
664,0.0024306495912237774,3.412678961763217e-07,0.0024309908591199536
665,0.0017273360388926347,0.0005698541190962725,0.0022971901579889073
666,0.00026722762451407016,7.824961941338833e-05,0.0003454772439274585
667,0.0001867375246218938,0.000740655622729559,0.0009273931473514528
668,0.0032308552666114867,5.181910976616148e-05,0.003282674376377648
669,0.0012906095981772454,1.7359250440101824e-06,0.0012923455232212557
670,0.0012601775531853512,0.0030334749247980146,0.004293652477983366
671,1.9392030924249744e-06,0.0002590470703642046,0.00026098627345662957
672,0.00017259531246188403,0.00025522341816644934,0.0004278187306283334
673,0.0004116125504235183,0.0001767555044546672,0.0005883680548781855
674,0.0023193623851092845,0.00010758537233142701,0.0024269477574407113
675,0.0008270291028367601,0.005450086450474325,0.006277115553311085
676,0.00032523994493079757,0.0006106209547491648,0.0009358608996799624
677,3.5775009510484046e-07,1.1061923258861037e-05,1.1419673353965878e-05
678,0.0004957283247018425,0.0008298227176757449,0.0013255510423775874
679,0.0009348164495432399,0.0002484496622424046,0.0011832661117856444
680,0.002242304672809379,8.915120748107986e-07,0.00224319618488419
681,0.001530153762748777,0.0019683185174245174,0.003498472280173294
682,0.0029418922157866383,0.0006118384150019543,0.0035537306307885925
683,0.00039156993287095836,2.485649002272175e-05,0.0004164264228936801
684,0.0011594347997450623,0.00013175776180788067,0.0012911925615529429
685,3.36915203257058e-05,0.00184800582645479,0.001881697346780496
686,0.002739476672105646,5.251291661503092e-05,0.002791989588720677
687,0.0029813040527192154,0.00026931836229807083,0.003250622415017286
688,4.892266040673857e-06,8.768158866249378e-05,9.257385470316764e-05
689,0.0023519488725184906,0.005836453591095308,0.0081884024636138
690,0.00035146132700288984,6.301737156571748e-05,0.00041447869856860734
691,0.003054761148508638,0.00044918201798076744,0.0035039431664894054
692,0.003106758937948847,0.0015353854490296032,0.00464214438697845
693,0.0006748914774192532,0.0008827879878641865,0.0015576794652834396
694,0.0010894478037740145,6.881352547119975e-05,0.0011582613292452143
695,0.0002325040181830971,1.585990348932763e-05,0.0002483639216724247
696,0.00016307549960946217,0.0018846137081128854,0.0020476892077223477
697,0.0005894632844396569,0.00043611143268373307,0.00102557471712339
698,1.3296779721887989e-05,0.00023225634994830305,0.00024555312967019106
699,0.00020041301186956076,0.0012685205317238318,0.0014689335435933925
700,0.0033277602889417654,0.00036710319618833665,0.003694863485130102
701,0.0015395784962525857,0.0007021505866347377,0.0022417290828873233
702,0.002578909876462417,0.0025292863921635416,0.005108196268625959
703,8.269560110286074e-05,7.481521124338915e-06,9.017712222719966e-05
704,0.0009380809368308991,0.002421027901770491,0.00335910883860139
705,5.266892894289742e-06,0.003103044054043532,0.0031083109469378215
706,0.002457393394006308,0.0012493816291066855,0.0037067750231129936
707,0.00016265245730482424,3.2550301070781585e-05,0.00019520275837560584
708,0.00026138483804001746,0.0005710965348758613,0.0008324813729158787
709,0.00042433701640788,9.786285862916756e-05,0.0005221998750370476
710,0.002938274387473716,0.0013007435922552312,0.004239017979728948
711,0.0007063010976257037,6.346060779607095e-05,0.0007697617054217747
712,2.0840399279609972e-05,0.0004896562598804297,0.0005104966591600396
713,0.0011536975995685567,2.3245300726820238e-05,0.001176942900295377
714,0.00020085823208265617,0.0002674026794385041,0.0004682609115211603
715,0.002349641671861172,0.0009734752731128476,0.0033231169449740197
716,3.96671963668044e-05,0.002101553103487434,0.0021412202998542383
717,0.0007512430863983786,0.0008816552102515746,0.0016328982966499531
718,0.000576054146624783,0.006564177363482077,0.00714023151010686
719,0.0017132131719610009,2.9432821283287075e-06,0.0017161564540893297
720,0.0002796308712662302,0.0016145706800835028,0.001894201551349733
721,0.0023170138969409258,0.0003313589752848213,0.002648372872225747
722,0.0011952011764438933,0.002090546739441488,0.0032857479158853813
723,0.0011049428615798138,0.0019905001787367486,0.0030954430403165624
724,0.0007432417197985975,0.0005960213249389959,0.0013392630447375934
725,0.00039547322729268925,1.3065683730252404e-05,0.00040853891102294167
726,6.9491735057073625e-06,0.000407320644121824,0.00041426981762753137
727,0.00012486949363731194,0.002265338608011707,0.002390208101649019
728,0.0016376557621936671,0.0018388052048985929,0.0034764609670922602
729,0.0003315301271367358,0.002719403823924704,0.0030509339510614397
730,0.002437413650748692,0.0011230164290622845,0.0035604300798109767
731,1.9804706870865375e-05,0.00011103546039758283,0.0001308401672684482
732,8.656067574512843e-05,0.0017583896884020172,0.0018449503641471457
733,0.00030912415960879025,0.0019082714833324806,0.002217395642941271
734,0.00044075560555971455,0.00014551871585809204,0.0005862743214178066
735,0.002006480536185208,0.0024762400282450337,0.004482720564430241
736,0.003435174215165266,0.00019745093584175937,0.003632625151007025
737,0.0007298180722106353,0.0009081067734489169,0.0016379248456595522
738,0.0006629978889987201,7.044361608621097e-05,0.0007334415050849312
739,0.0019787706784673525,0.000747135275259807,0.0027259059537271596
740,0.001142577371979041,1.9015621338355543e-05,0.0011615929933173966
741,0.0006928325217526539,0.0001262983617016696,0.0008191308834543235
742,0.0012243714082184596,0.0012019753888587133,0.0024263467970771727
743,0.000876551411401477,7.176009928656969e-05,0.0009483115106880466
744,7.920539171792546e-05,0.00031247768917744235,0.0003916830808953678
745,5.0706871027504584e-05,5.3447649563939094e-05,0.00010415452059144367
746,0.00014557824851525142,0.0013056012115789958,0.0014511794600942473
747,0.002217680511115295,9.373887681614282e-05,0.002311419387931438
748,0.0014527285857332609,7.840881828794313e-05,0.001531137404021204
749,1.9162123867923426e-05,0.0027637007573134073,0.0027828628811813307
750,0.0008501788296618282,1.0694200024490428e-05,0.0008608730296863187
751,3.1719253629744064e-05,0.0018631229242614977,0.0018948421778912418
752,0.0015163515901888138,1.229756289334367e-06,0.001517581346478148
753,0.00038856374132312244,0.00010918504518605831,0.0004977487865091807
754,0.001637662434191154,0.0004341036114897932,0.002071766045680947
755,0.0009809859567802368,0.000919019722280417,0.0019000056790606538
756,2.26023111579119e-06,2.0937887990554236e-05,2.3198119106345426e-05
757,0.0011662767515114554,0.002411823988911698,0.0035781007404231536
758,0.00026816509322366913,7.927319528004069e-07,0.00026895782517646953
759,0.0009936012125897214,0.002438483477926789,0.0034320846905165105
760,0.000838502437183717,0.0003685697641350489,0.001207072201318766
761,1.0380877263535158e-05,1.639385671510926e-06,1.2020262935046084e-05
762,0.000728337393637358,1.1689285572428515e-05,0.0007400266792097865
763,0.001280576757906536,0.004013787168181344,0.00529436392608788
764,2.288227831757745e-05,0.002802979173418276,0.0028258614517358534
765,0.00024768024133204876,5.32248723546914e-07,0.0002482124900555957
766,0.0025629972278919722,0.0004315005801902146,0.0029944978080821867
767,0.0019457660434118583,0.0009847063245427283,0.002930472367954587
768,0.0024502165684711294,0.000164017629014444,0.0026142341974855735
769,3.247169047594129e-05,0.0009533318130633757,0.000985803503539317
770,0.0002446172017255012,0.0016824905491995324,0.0019271077509250337
771,0.0002294196565251348,0.0002084794785458944,0.0004378991350710292
772,9.158629888815992e-05,0.004100919097890696,0.004192505396778856
773,4.449979171309681e-05,0.0017278505446467857,0.0017723503363598824
774,0.003031985399833307,0.0032083937944527257,0.0062403791942860325
775,0.001591844459904206,0.0010249695014603682,0.002616813961364574
776,0.0006886999311746298,7.806548663988157e-05,0.0007667654178145114
777,0.003791897133032623,0.0003477576177353467,0.00413965475076797
778,0.0011217541958830064,0.0005747315350971429,0.0016964857309801494
779,0.0009575506937082643,0.0011744932679611066,0.002132043961669371
780,0.0001375099852113209,0.002548430024413868,0.002685940009625189
781,0.00010907461337871897,2.36846311838536e-05,0.00013275924456257257
782,0.0022842540548155196,6.345314066575222e-05,0.002347707195481272
783,0.0006027266306986922,0.00016064011334757339,0.0007633667440462656
784,0.0008358664061930698,0.0002242173604167837,0.0010600837666098536
785,0.0002491387965475995,0.0025066899285744,0.0027558287251219994
786,7.267838975285676e-05,0.0027472973414394168,0.0028199757311922736
787,0.002114822970012093,0.00012306665774963762,0.0022378896277617305
788,4.509438027462001e-07,0.00029804381304419805,0.0002984947568469443
789,0.0007141027245487838,0.0002970469379638559,0.0010111496625126396
790,0.00023381243825391587,0.00046555422524735253,0.0006993666635012683
791,0.0007239106883554872,3.5074916322072415e-05,0.0007589856046775596
792,0.00011883533059617562,0.00034580825133464664,0.00046464358193082226
793,0.001758978919646878,0.00018723907338826065,0.0019462179930351386
794,3.927055577534979e-06,0.0012357617523581093,0.0012396888079356442
795,0.0012836809808205148,0.005265703078264147,0.006549384059084662
796,0.0024816178008552135,0.0011421567841216394,0.003623774584976853
797,0.0001101484607765142,0.00036361301375929903,0.0004737614745358132
798,0.0005950711977123126,6.261012972878146e-06,0.0006013322106851908
799,0.003783631231650476,0.0008720801976657292,0.004655711429316206
800,8.337911476966033e-05,0.0005676560128766592,0.0006510351276463195
801,0.0006370469084160175,3.465204566988574e-05,0.0006716989540859033
802,0.000492945302364587,0.0037459644690997274,0.004238909771464314
803,0.0011312079000827932,0.0014558322788771907,0.0025870401789599836
804,0.0009886047138247351,4.262620593669478e-05,0.00103123091976143
805,0.0022200980379449677,4.034618844413112e-05,0.0022604442263890988
806,0.00015530421356493496,0.00015906047547814995,0.0003143646890430849
807,0.001658948100333702,9.436117290541754e-05,0.0017533092732391195
808,0.0005300101861505776,0.00023249184472806173,0.0007625020308786394
809,0.002377943203014192,0.0003080220767397554,0.0026859652797539472
810,0.0006807165974911525,2.8727634767916603e-05,0.0007094442322590691
811,0.0005378585824065974,0.0005831693262942694,0.0011210279087008669
812,0.0003804132045574675,0.0018945493957981125,0.00227496260035558
813,0.0001647199131163699,3.603750789988295e-05,0.00020075742101625284
814,0.0002128181191940592,2.0268272639643217e-06,0.00021484494645802353
815,0.0012890028288290321,0.001701613950054397,0.002990616778883429
816,0.0008038331267843659,0.0040344155340679855,0.004838248660852352
817,0.00310556766856183,0.0004706558420398588,0.003576223510601689
818,0.0005411497691885635,0.00018064025399503066,0.0007217900231835942
819,0.0004556781572465711,0.00017909087768096192,0.0006347690349275331
820,0.0011813658568215956,5.758067483564991e-06,0.0011871239243051606
821,0.002374121640015387,0.0007238590624299379,0.0030979807024453247
822,0.0009663277905863736,0.00014399852901522987,0.0011103263196016035
823,0.00190522577930815,0.0005393289022067547,0.0024445546815149047
824,1.532813081477107e-05,0.0004956251586565483,0.0005109532894713193
825,0.0017574886296414024,0.004876649830340723,0.006634138459982125
826,0.00022368571424736118,0.00015441447219407495,0.0003781001864414361
827,0.0003386648425968271,0.00127109206178749,0.001609756904384317
828,0.00045031919029073664,0.0006171532092193368,0.0010674723995100733
829,0.0011189544381212677,0.002454024422566499,0.003572978860687767
830,7.440794297730581e-05,0.0032023585752381034,0.0032767665182154094
831,0.00037269923417798613,1.5314401165893134e-05,0.0003880136353438793
832,0.0019447651186511713,0.0015812398191721662,0.0035260049378233373
833,2.1360211538338176e-05,0.0016851953381553455,0.0017065555496936838
834,4.75750352170825e-09,0.0032775638435547177,0.0032775686010582394
835,0.0029039674487038305,0.0006705659953578968,0.0035745334440617275
836,0.00023610412095824307,0.0002829770609423181,0.0005190811819005611
837,0.001078214735745364,7.597805424222693e-05,0.001154192789987591
838,2.7095216917311018e-05,0.0002652458635970452,0.00029234108051435625
839,0.0016900287623830207,0.0014545719611632076,0.003144600723546228
840,0.00046481824223928894,0.001494831550544618,0.001959649792783907
841,0.0004793222950592784,3.328760551201466e-05,0.000512609900571293
842,0.002264147170206079,0.0006584704351415622,0.002922617605347641
843,0.0010857868248431214,0.0021248121498300006,0.003210598974673122
844,0.0010317370369151257,5.371781405951998e-05,0.0010854548509746456
845,0.0006577423310556703,0.00030725827671198826,0.0009650006077676586
846,0.0019997902226469456,0.00308029935469653,0.005080089577343475
847,5.384644929280206e-06,0.0021475988377834053,0.0021529834827126856
848,0.0024867080602753605,0.0034699463549325215,0.005956654415207882
849,0.00062464094970151,0.0029834843741089762,0.0036081253238104865
850,0.0025034507842582776,0.00015166235127397283,0.0026551131355322505
851,0.0023020999186364765,0.001996560804725693,0.00429866072336217
852,0.0025956863386352117,0.003957152494303554,0.006552838832938766
853,0.0003874872360865432,0.001651902620787985,0.0020393898568745283
854,0.0007246655048287565,0.0016089033045613961,0.0023335688093901524
855,0.0004966466135946391,6.92716698568914e-06,0.0005035737805803282
856,0.0006413286577187323,0.0002609392788700592,0.0009022679365887915
857,0.002780535749374355,0.0015197070972086204,0.004300242846582975
858,0.0003089867517496964,0.0011916709415914538,0.0015006576933411502
859,0.0012951269530009624,9.761151701679953e-05,0.0013927384700177618
860,0.000445256568319624,0.00036625724135356494,0.000811513809673189
861,0.00014845727027569075,0.004982666451168425,0.005131123721444116
862,0.0009616911343202112,4.367520645185244e-06,0.0009660586549653965
863,8.514043776619675e-05,0.0005896377948280496,0.0006747782325942463
864,0.001320186573650354,0.0018755348538505696,0.003195721427500924
865,0.0017312605937156392,2.33742235805235e-08,0.0017312839679392198
866,0.000803370637664208,0.003918178547311779,0.004721549184975987
867,2.3277950191481257e-05,0.00046718738747246377,0.000490465337663945
868,0.0008135345215237851,0.00034301861516463494,0.00115655313668842
869,0.002720361627401706,0.0001674767762360988,0.002887838403637805
870,0.0011472384611295597,9.403835701229297e-06,0.001156642296830789
871,0.0012877668068339864,0.00018734482229710548,0.001475111629131092
872,0.0014500512747180195,0.0007365319255155925,0.002186583200233612
873,1.152937905912068e-05,0.00027009838406318574,0.0002816277631223064
874,0.00021287144062408922,0.004568439404975152,0.004781310845599241
875,0.0005673230448177911,0.003329023465421442,0.003896346510239233
876,0.0004549341337086076,0.0017472042037886598,0.0022021383374972673
877,0.0034272971185716375,0.002666200973234074,0.006093498091805712
878,0.0028950772987126343,1.658078157014888e-07,0.0028952431065283357
879,0.0006093811941626193,0.0034271720176480723,0.004036553211810691
880,0.0037409231140723394,0.0045131362340533,0.00825405934812564
881,0.003910541326888935,0.00034245658274537,0.004252997909634305
882,0.0016461762883055809,0.001912048676656681,0.0035582249649622616
883,0.0014585501379190597,0.002393896058584296,0.0038524461965033555
884,0.0005656601630256795,0.00033602771381153215,0.0009016878768372116
885,8.88146220396573e-09,0.00010807777297667278,0.00010808665443887676
886,9.894582194372339e-05,3.007665609308118e-05,0.00012902247803680457
887,0.0002663440494961987,0.002339423008870985,0.0026057670583671836
888,0.001843850019326948,0.00018411589831382341,0.0020279659176407716
889,0.002271306214780269,6.202468153641604e-05,0.002333330896316685
890,1.5548351971729364e-05,0.0006050251126341217,0.000620573464605851
891,0.0024672244307683533,2.0092774869824223e-05,0.0024873172056381777
892,0.002197739016033388,0.0009313291481066816,0.0031290681641400696
893,0.0011322258627313724,0.0016916180724746027,0.002823843935205975
894,0.0001007142291829571,0.0023558198677710394,0.0024565340969539963
895,0.002544184478705291,1.675918649713472e-08,0.002544201237891788
896,0.001919522168212707,0.00036226921398008156,0.0022817913821927883
897,0.0001868190854990737,0.002594162833904613,0.002780981919403687
898,0.00023799697298499284,5.540594700923785e-06,0.00024353756768591664
899,0.000475200313842417,0.00045772838289966897,0.000932928696742086
900,0.00015003004657027292,1.3498842715620165e-05,0.00016352888928589308
901,0.0004378409463176272,2.9351045556784115e-05,0.00046719199187441127
902,0.002075365266930153,0.0002053218113155862,0.0022806870782457393
903,8.811327966262665e-05,0.00015729627142119386,0.00024540955108382054
904,0.0010522562019588887,0.0008182135985724547,0.0018704698005313435
905,0.0011098575137390462,0.0009490195993149809,0.0020588771130540273
906,0.0010752168184535542,0.0007688075672464531,0.0018440243857000072
907,0.0009035781699483972,0.0011489525795629445,0.0020525307495113418
908,0.0014026444836447733,0.0006788838508225682,0.0020815283344673414
909,0.0021895132081601078,0.0004116021668538079,0.0026011153750139155
910,0.0007880589028464034,0.0016063789559828054,0.002394437858829209
911,0.0007918340648864682,0.00017871688895192353,0.0009705509538383918
912,0.0007824462507731074,0.0001739221775522399,0.0009563684283253473
913,0.0005086250364297479,0.0018788482429506113,0.0023874732793803593
914,0.0016374086153989821,0.0001049205155267794,0.0017423291309257615
915,0.0017331086014757261,2.4762057116634516e-05,0.0017578706585923607
916,0.00291737486175693,0.0005147943888392737,0.0034321692505962036
917,0.0023744840839467927,0.0010129750041993713,0.0033874590881461638
918,0.0007789579512424511,0.0031515960926901706,0.003930554043932622
919,0.00197492059260716,0.00045681457028847074,0.002431735162895631
920,2.743311803641673e-05,0.0011939141179697233,0.00122134723600614
921,1.6694478705988045e-07,0.00015479291832921937,0.00015495986311627925
922,0.0001645203526193071,0.0002605291624880795,0.0004250495151073866
923,0.00019955276505389554,3.8203461860120834e-05,0.00023775622691401638
924,0.0017835394607835005,0.0006318109859860963,0.0024153504467695967
925,0.00015514005520881406,0.0006175638370197735,0.0007727038922285876
926,0.002213876628368487,0.0016045564021578526,0.0038184330305263397
927,0.0012745203136663111,0.0021127874957925174,0.0033873078094588285
928,0.0024226349327646393,0.002553705432554364,0.0049763403653190035
929,0.0003814948759157302,0.0020633677083949074,0.0024448625843106375
930,0.00019922920018166192,0.0009850028633710602,0.001184232063552722
931,0.0016552513074372804,3.2015266117189512e-06,0.0016584528340489993
932,0.0008085829324800895,0.0012959514274955995,0.002104534359975689
933,0.0006409785788234606,5.026357493663778e-06,0.0006460049363171244
934,0.003071453797868146,0.0005523478018494061,0.0036238015997175524
935,0.000998886405346759,0.004044278836143675,0.005043165241490434
936,0.0008974845510869915,5.847295650057737e-05,0.0009559575075875689
937,0.0016218190144965026,0.0008069870737702631,0.002428806088266766
938,0.0005256192489659987,0.0026875160006854843,0.003213135249651483
939,0.002669913912190054,0.00014396914518685313,0.002813883057376907
940,0.0012798370692088206,0.0004894490926585293,0.00176928616186735
941,0.0023894298323591844,1.483199625057879e-06,0.0023909130319842422
942,0.000804362964478239,1.6272471065918324e-05,0.0008206354355441573
943,0.00010819834891259522,0.001555670474024694,0.0016638688229372893
944,0.0002562052494326573,0.00013678703193570438,0.0003929922813683617
945,0.0017282079964333374,0.0004741699186498788,0.002202377915083216
946,0.0024004556408104625,0.002467070871968115,0.004867526512778577
947,0.000801937346921323,0.0012341338748845727,0.0020360712218058957
948,1.2261728334462951e-05,2.826186857133137e-05,4.052359690579432e-05
949,0.0031852761723399595,0.002001894459574599,0.0051871706319145585
950,0.0009519902055144586,5.6780163439893025e-06,0.0009576682218584479
951,1.6359691209033207e-06,1.9506738031466743e-07,1.8310365012179882e-06
952,0.0017202988973956791,0.001177415395220574,0.0028977142926162533
953,0.002710296252816372,4.31087299699383e-07,0.0027107273401160716
954,0.0021471990759049714,0.00010270350443543053,0.002249902580340402
955,0.0019551960331356585,0.0002356197954646604,0.002190815828600319
956,0.00012467503471271386,0.0008901435882424193,0.0010148186229551332
957,0.0029448580410957716,1.1337578799405361e-08,0.002944869378674571
958,0.00027330627502272813,2.5521344567227078e-05,0.00029882761958995523
959,0.0009342329672352976,0.0020503995329707128,0.0029846325002060104
960,0.0006780772237833606,0.00028914895239467276,0.0009672261761780334
961,0.0019686866988171416,0.0003160960742575477,0.0022847827730746893
962,2.054699784046726e-06,0.0023389444959124894,0.002340999195696536
963,0.0005825756262676664,0.00012628417030547033,0.0007088597965731367
964,0.00012150687095696936,0.0006688463484628062,0.0007903532194197756
965,2.643294997892783e-05,7.129373710235133e-05,9.772668708127917e-05
966,0.002136729052782645,1.4126788543534802e-06,0.0021381417316369985
967,0.00044605489223828774,3.208536555212626e-05,0.000478140257790414
968,0.0004359210018301668,7.423338630901132e-05,0.0005101543881391781
969,0.00016974378023201003,0.00789098873562647,0.008060732515858478
970,0.0003240938578422477,0.0007270971304941876,0.0010511909883364353
971,0.0006662632065719083,0.00012972335087872721,0.0007959865574506355
972,1.5330247188130984e-05,0.0015369949452811794,0.0015523251924693103
973,0.0007703857954621677,4.1056415471518105e-05,0.0008114422109336858
974,2.7743760605810802e-05,0.0029749071216165863,0.003002650882222397
975,0.0015151312878067956,0.0034624866976757907,0.004977617985482586
976,0.0002673601810973801,5.1674413762357005e-05,0.0003190345948597371
977,3.0266980913429406e-05,0.0027404147050716435,0.002770681685985073
978,0.00030770635444232633,0.007049561945895092,0.007357268300337418
979,0.0005064912266900803,0.0008570935768375202,0.0013635848035276005
980,0.0024000842657176807,0.00070732531281615,0.003107409578533831
981,0.0022444686887550034,3.5412093901827116e-05,0.0022798807826568306
982,0.0010277739134088297,9.515169228756873e-05,0.0011229256056963985
983,1.3211262614218728e-06,0.0005146018888384988,0.0005159230150999207
984,8.26406863487809e-05,0.0027645110262348787,0.0028471517125836596
985,0.00038021709227378857,2.6980807596176784e-05,0.00040719789986996537
986,8.187265211607695e-06,0.0005152845002471685,0.0005234717654587762
987,0.0006234514374189686,0.002080959560922797,0.002704410998341766
988,0.00035739255295359355,0.002018741328096224,0.0023761338810498176
989,0.002424861752447682,0.0001573227946729738,0.0025821845471206556
990,0.0020279245748430854,0.002106135192705465,0.004134059767548551
991,7.82105823702026e-05,0.00027815536932408714,0.00035636595169428976
992,0.0010232759119134089,0.0030435712157166443,0.004066847127630053
993,0.001971531205168484,0.003507507514457782,0.005479038719626266
994,0.001552283502774772,0.004593311875520413,0.006145595378295185
995,0.0012343185710161218,0.00030196764004185376,0.0015362862110579756
996,0.0005628679296933345,0.0022116220479282893,0.0027744899776216236
997,0.0021668213465237517,0.0013736152680132994,0.003540436614537051
998,0.00015427728067988404,2.674514601387533e-05,0.00018102242669375938
999,0.0037420256689115606,0.0012781699972347254,0.005020195666146286
